timestamp,machine_id,vibration,acoustic,temperature,current,IMF_1,IMF_2,IMF_3,label,hour,day,day_of_week,temp_rolling_avg,vibration_rolling_avg,current_rolling_avg,status,prediction,predicted_status
2024-07-01 08:00:00,M01,0.822,0.645,66.85,13.04,0.196,0.033,0.0,0,8,2024-07-01,Monday,66.85,0.822,13.04,Normal,1,Normal
2024-07-01 08:01:00,M01,1.398,0.834,76.2,15.08,0.345,0.132,0.001,1,8,2024-07-01,Monday,71.525,1.11,14.06,Fault,-1,Fault
2024-07-01 08:02:00,M01,0.856,0.59,67.03,12.3,0.187,0.017,0.002,0,8,2024-07-01,Monday,70.02666666666666,1.0253333333333334,13.473333333333334,Normal,1,Normal
2024-07-01 08:03:00,M01,0.793,0.544,65.04,11.69,0.196,-0.06,0.003,0,8,2024-07-01,Monday,68.78,0.96725,13.0275,Normal,1,Normal
2024-07-01 08:04:00,M01,1.279,0.721,78.19,14.84,0.33,-0.115,0.004,1,8,2024-07-01,Monday,70.662,1.0295999999999998,13.39,Fault,-1,Fault
2024-07-01 08:05:00,M01,0.782,0.655,61.95,11.56,0.164,-0.081,0.005,0,8,2024-07-01,Monday,69.682,1.0215999999999998,13.094,Normal,1,Normal
2024-07-01 08:06:00,M01,0.837,0.564,64.52,10.98,0.238,-0.095,0.006,0,8,2024-07-01,Monday,67.346,0.9094,12.274,Normal,1,Normal
2024-07-01 08:07:00,M01,0.725,0.652,62.87,11.89,0.214,-0.076,0.007,0,8,2024-07-01,Monday,66.514,0.8832000000000001,12.192,Normal,1,Normal
2024-07-01 08:08:00,M01,0.803,0.702,64.51,11.19,0.145,-0.004,0.008,0,8,2024-07-01,Monday,66.40799999999999,0.8852,12.092,Normal,1,Normal
2024-07-01 08:09:00,M01,0.779,0.539,61.3,12.51,0.103,-0.025,0.009,0,8,2024-07-01,Monday,63.03,0.7852,11.626,Normal,1,Normal
2024-07-01 08:10:00,M01,0.897,0.627,67.18,11.18,0.093,0.097,0.01,0,8,2024-07-01,Monday,64.076,0.8082,11.55,Normal,1,Normal
2024-07-01 08:11:00,M01,0.789,0.603,65.8,11.27,0.086,-0.08,0.011,0,8,2024-07-01,Monday,64.332,0.7986000000000001,11.608,Normal,1,Normal
2024-07-01 08:12:00,M01,0.726,0.575,65.57,12.85,0.079,-0.022,0.012,0,8,2024-07-01,Monday,64.872,0.7988000000000002,11.8,Normal,1,Normal
2024-07-01 08:13:00,M01,0.826,0.485,66.41,12.15,0.156,-0.005,0.013,0,8,2024-07-01,Monday,65.252,0.8034000000000001,11.992,Normal,1,Normal
2024-07-01 08:14:00,M01,0.823,0.582,65.28,12.31,0.217,0.05,0.014,0,8,2024-07-01,Monday,66.048,0.8122,11.952000000000002,Normal,1,Normal
2024-07-01 08:15:00,M01,0.882,0.594,62.76,12.53,0.223,-0.059,0.015,0,8,2024-07-01,Monday,65.164,0.8092,12.222,Normal,1,Normal
2024-07-01 08:16:00,M01,0.783,0.631,64.99,12.56,0.164,-0.107,0.016,0,8,2024-07-01,Monday,65.002,0.808,12.48,Normal,1,Normal
2024-07-01 08:17:00,M01,0.793,0.576,66.74,12.36,0.168,0.018,0.017,0,8,2024-07-01,Monday,65.236,0.8214,12.382,Normal,1,Normal
2024-07-01 08:18:00,M01,0.754,0.6,65.08,12.44,0.077,-0.073,0.018,0,8,2024-07-01,Monday,64.97,0.807,12.44,Normal,1,Normal
2024-07-01 08:19:00,M01,0.917,0.63,65.19,11.82,0.243,0.124,0.019,0,8,2024-07-01,Monday,64.952,0.8258000000000001,12.342,Normal,1,Normal
2024-07-01 08:20:00,M01,0.813,0.567,66.73,11.34,0.224,-0.08,0.019,0,8,2024-07-01,Monday,65.746,0.812,12.104,Normal,1,Normal
2024-07-01 08:21:00,M01,0.788,0.523,64.67,12.13,0.079,0.064,0.02,0,8,2024-07-01,Monday,65.682,0.8130000000000001,12.018,Normal,1,Normal
2024-07-01 08:22:00,M01,0.741,0.687,68.52,11.4,0.088,-0.003,0.021,0,8,2024-07-01,Monday,66.038,0.8026,11.826,Normal,1,Normal
2024-07-01 08:23:00,M01,0.794,0.61,65.33,11.47,0.225,0.1,0.022,0,8,2024-07-01,Monday,66.08800000000001,0.8106000000000002,11.632,Normal,1,Normal
2024-07-01 08:24:00,M01,0.797,0.583,68.07,11.44,0.14,0.031,0.023,0,8,2024-07-01,Monday,66.66399999999999,0.7866000000000001,11.556,Normal,1,Normal
2024-07-01 08:25:00,M01,0.801,0.578,65.89,11.86,0.087,-0.035,0.024,0,8,2024-07-01,Monday,66.49600000000001,0.7842,11.66,Normal,1,Normal
2024-07-01 08:26:00,M01,0.788,0.557,64.91,11.45,0.167,0.075,0.025,0,8,2024-07-01,Monday,66.544,0.7842,11.524,Normal,1,Normal
2024-07-01 08:27:00,M01,0.767,0.62,63.85,12.44,0.183,0.025,0.026,0,8,2024-07-01,Monday,65.61,0.7894,11.732,Normal,1,Normal
2024-07-01 08:28:00,M01,0.784,0.597,65.63,11.72,0.197,0.022,0.027,0,8,2024-07-01,Monday,65.67,0.7874000000000001,11.782,Normal,1,Normal
2024-07-01 08:29:00,M01,0.788,0.611,64.5,12.32,0.105,0.093,0.027,0,8,2024-07-01,Monday,64.95599999999999,0.7856000000000002,11.958,Normal,1,Normal
2024-07-01 08:30:00,M01,1.137,0.862,74.22,15.29,0.139,-0.148,0.028,1,8,2024-07-01,Monday,66.622,0.8528,12.644,Fault,-1,Fault
2024-07-01 08:31:00,M01,0.75,0.582,64.04,11.75,0.141,0.022,0.029,0,8,2024-07-01,Monday,66.44800000000001,0.8452,12.704,Normal,1,Normal
2024-07-01 08:32:00,M01,0.937,0.652,65.23,12.25,0.172,-0.038,0.03,0,8,2024-07-01,Monday,66.724,0.8792000000000002,12.666,Normal,1,Normal
2024-07-01 08:33:00,M01,0.793,0.57,59.79,11.52,0.191,-0.075,0.031,0,8,2024-07-01,Monday,65.55600000000001,0.881,12.626,Normal,1,Normal
2024-07-01 08:34:00,M01,0.819,0.589,65.82,12.39,0.145,0.051,0.031,0,8,2024-07-01,Monday,65.82000000000001,0.8872,12.64,Normal,1,Normal
2024-07-01 08:35:00,M01,0.821,0.617,63.35,11.58,0.097,-0.014,0.032,0,8,2024-07-01,Monday,63.646,0.8240000000000001,11.898,Normal,1,Normal
2024-07-01 08:36:00,M01,0.836,0.587,64.51,11.69,0.09,-0.103,0.033,0,8,2024-07-01,Monday,63.74,0.8412000000000001,11.886,Normal,1,Normal
2024-07-01 08:37:00,M01,0.805,0.624,67.33,11.24,0.146,0.051,0.034,0,8,2024-07-01,Monday,64.16,0.8148,11.684,Normal,1,Normal
2024-07-01 08:38:00,M01,0.833,0.585,66.16,11.62,0.158,-0.006,0.034,0,8,2024-07-01,Monday,65.434,0.8228,11.704,Normal,1,Normal
2024-07-01 08:39:00,M01,0.863,0.63,65.49,11.11,0.095,-0.054,0.035,0,8,2024-07-01,Monday,65.36800000000001,0.8316000000000001,11.448,Normal,1,Normal
2024-07-01 08:40:00,M01,0.767,0.581,64.5,11.53,0.18,0.11,0.036,0,8,2024-07-01,Monday,65.598,0.8208,11.438,Normal,1,Normal
2024-07-01 08:41:00,M01,0.769,0.606,67.0,11.32,0.141,0.116,0.037,0,8,2024-07-01,Monday,66.096,0.8074,11.364,Normal,1,Normal
2024-07-01 08:42:00,M01,1.193,0.943,76.18,15.6,0.316,-0.055,0.037,1,8,2024-07-01,Monday,67.866,0.8850000000000001,12.236,Fault,-1,Fault
2024-07-01 08:43:00,M01,0.775,0.618,62.66,12.14,0.149,-0.088,0.038,0,8,2024-07-01,Monday,67.16600000000001,0.8734000000000002,12.34,Normal,1,Normal
2024-07-01 08:44:00,M01,1.215,0.983,75.69,14.69,0.173,-0.037,0.039,1,8,2024-07-01,Monday,69.20599999999999,0.9438000000000002,13.056,Fault,-1,Fault
2024-07-01 08:45:00,M01,0.762,0.565,66.09,11.66,0.115,0.058,0.039,0,8,2024-07-01,Monday,69.524,0.9428,13.082,Normal,1,Normal
2024-07-01 08:46:00,M01,0.885,0.616,64.4,11.84,0.23,0.032,0.04,0,8,2024-07-01,Monday,69.00399999999999,0.9660000000000002,13.186000000000002,Normal,1,Normal
2024-07-01 08:47:00,M01,0.784,0.686,65.96,11.67,0.106,0.041,0.04,0,8,2024-07-01,Monday,66.96000000000001,0.8842000000000002,12.4,Normal,1,Normal
2024-07-01 08:48:00,M01,1.281,0.846,75.78,14.93,0.342,-0.002,0.041,1,8,2024-07-01,Monday,69.58399999999999,0.9854,12.957999999999998,Fault,-1,Fault
2024-07-01 08:49:00,M01,1.028,0.84,78.03,15.07,0.122,0.085,0.042,1,8,2024-07-01,Monday,70.052,0.948,13.034,Fault,-1,Fault
2024-07-01 08:50:00,M01,0.735,0.666,64.08,11.89,0.134,-0.069,0.042,0,8,2024-07-01,Monday,69.65,0.9426,13.080000000000002,Normal,1,Normal
2024-07-01 08:51:00,M01,0.826,0.598,62.46,11.24,0.15,0.085,0.043,0,8,2024-07-01,Monday,69.262,0.9308000000000002,12.96,Normal,1,Normal
2024-07-01 08:52:00,M01,0.704,0.61,65.16,12.08,0.116,0.053,0.043,0,8,2024-07-01,Monday,69.102,0.9148,13.041999999999998,Normal,1,Normal
2024-07-01 08:53:00,M01,0.781,0.665,66.04,11.95,0.087,0.005,0.044,0,8,2024-07-01,Monday,67.15400000000001,0.8148000000000002,12.446,Normal,1,Normal
2024-07-01 08:54:00,M01,1.159,0.905,73.43,14.24,0.23,0.156,0.044,1,8,2024-07-01,Monday,66.23400000000001,0.841,12.28,Fault,-1,Fault
2024-07-01 08:55:00,M01,0.829,0.594,65.25,11.85,0.095,0.058,0.045,0,8,2024-07-01,Monday,66.468,0.8598000000000001,12.272,Normal,1,Normal
2024-07-01 08:56:00,M01,0.852,0.548,65.54,12.2,0.239,0.017,0.045,0,8,2024-07-01,Monday,67.08400000000002,0.865,12.464,Normal,1,Normal
2024-07-01 08:57:00,M01,0.694,0.575,66.68,12.81,0.201,0.055,0.045,0,8,2024-07-01,Monday,67.388,0.8630000000000001,12.61,Normal,1,Normal
2024-07-01 08:58:00,M01,0.799,0.678,63.18,11.75,0.13,0.131,0.046,0,8,2024-07-01,Monday,66.816,0.8666,12.57,Normal,1,Normal
2024-07-01 08:59:00,M01,0.824,0.592,64.97,12.06,0.114,0.102,0.046,0,8,2024-07-01,Monday,65.124,0.7996000000000001,12.134,Normal,1,Normal
2024-07-01 09:00:00,M01,0.772,0.557,63.25,10.49,0.166,0.081,0.047,0,9,2024-07-01,Monday,64.724,0.7882000000000001,11.862,Normal,1,Normal
2024-07-01 09:01:00,M01,0.801,0.594,64.33,11.97,0.199,-0.064,0.047,0,9,2024-07-01,Monday,64.482,0.7780000000000001,11.816,Normal,1,Normal
2024-07-01 09:02:00,M01,0.795,0.594,65.44,12.25,0.124,-0.037,0.047,0,9,2024-07-01,Monday,64.23400000000001,0.7982000000000001,11.704,Normal,1,Normal
2024-07-01 09:03:00,M01,0.752,0.626,63.81,11.99,0.11,0.085,0.048,0,9,2024-07-01,Monday,64.36,0.7888000000000001,11.752,Normal,1,Normal
2024-07-01 09:04:00,M01,0.784,0.636,63.62,11.25,0.162,-0.109,0.048,0,9,2024-07-01,Monday,64.09,0.7808000000000002,11.59,Normal,1,Normal
2024-07-01 09:05:00,M01,1.099,0.922,77.48,15.59,0.265,0.047,0.048,1,9,2024-07-01,Monday,66.936,0.8462,12.61,Fault,-1,Fault
2024-07-01 09:06:00,M01,0.782,0.579,65.46,10.69,0.148,0.016,0.048,0,9,2024-07-01,Monday,67.162,0.8423999999999999,12.354,Normal,1,Normal
2024-07-01 09:07:00,M01,0.829,0.546,67.85,13.02,0.116,0.053,0.049,0,9,2024-07-01,Monday,67.64399999999999,0.8492000000000001,12.508,Normal,1,Normal
2024-07-01 09:08:00,M01,0.668,0.608,61.76,11.89,0.174,0.008,0.049,0,9,2024-07-01,Monday,67.234,0.8324000000000001,12.488,Normal,1,Normal
2024-07-01 09:09:00,M01,0.733,0.506,65.62,12.88,0.204,0.077,0.049,0,9,2024-07-01,Monday,67.63399999999999,0.8222000000000002,12.813999999999998,Normal,1,Normal
2024-07-01 09:10:00,M01,0.795,0.556,64.4,12.34,0.128,0.036,0.049,0,9,2024-07-01,Monday,65.018,0.7614000000000001,12.164,Normal,1,Normal
2024-07-01 09:11:00,M01,0.89,0.635,66.14,12.19,0.265,-0.083,0.049,0,9,2024-07-01,Monday,65.154,0.7830000000000001,12.464,Normal,1,Normal
2024-07-01 09:12:00,M01,0.777,0.554,69.45,12.47,0.231,-0.007,0.05,0,9,2024-07-01,Monday,65.474,0.7726000000000001,12.354,Normal,1,Normal
2024-07-01 09:13:00,M01,0.746,0.607,63.48,11.55,0.116,-0.028,0.05,0,9,2024-07-01,Monday,65.81800000000001,0.7882000000000001,12.286,Normal,1,Normal
2024-07-01 09:14:00,M01,1.321,0.877,81.11,15.52,0.347,0.172,0.05,1,9,2024-07-01,Monday,68.91600000000001,0.9058,12.813999999999998,Fault,-1,Fault
2024-07-01 09:15:00,M01,0.773,0.635,60.25,11.13,0.204,-0.007,0.05,0,9,2024-07-01,Monday,68.086,0.9014,12.572,Normal,1,Normal
2024-07-01 09:16:00,M01,0.817,0.667,62.22,11.61,0.099,0.02,0.05,0,9,2024-07-01,Monday,67.30199999999999,0.8868,12.456,Normal,1,Normal
2024-07-01 09:17:00,M01,0.719,0.603,64.83,11.33,0.085,0.062,0.05,0,9,2024-07-01,Monday,66.378,0.8752000000000001,12.228,Normal,1,Normal
2024-07-01 09:18:00,M01,0.836,0.602,69.09,12.29,0.225,-0.074,0.05,0,9,2024-07-01,Monday,67.5,0.8932,12.376,Normal,1,Normal
2024-07-01 09:19:00,M01,0.861,0.533,66.7,12.37,0.087,0.007,0.05,0,9,2024-07-01,Monday,64.61800000000001,0.8012,11.746,Normal,1,Normal
2024-07-01 09:20:00,M01,0.854,0.626,62.37,10.52,0.238,-0.07,0.05,0,9,2024-07-01,Monday,65.042,0.8173999999999999,11.624,Normal,1,Normal
2024-07-01 09:21:00,M01,1.133,1.039,75.82,14.45,0.119,0.149,0.05,1,9,2024-07-01,Monday,67.76200000000001,0.8806,12.192,Fault,-1,Fault
2024-07-01 09:22:00,M01,0.779,0.659,63.52,12.3,0.1,0.014,0.05,0,9,2024-07-01,Monday,67.5,0.8926000000000001,12.386,Normal,1,Normal
2024-07-01 09:23:00,M01,0.767,0.602,64.39,12.01,0.167,-0.096,0.05,0,9,2024-07-01,Monday,66.56,0.8788,12.330000000000002,Normal,1,Normal
2024-07-01 09:24:00,M01,0.854,0.6,62.32,12.16,0.223,-0.093,0.05,0,9,2024-07-01,Monday,65.684,0.8774000000000001,12.288,Normal,1,Normal
2024-07-01 09:25:00,M01,0.798,0.577,67.18,11.88,0.119,-0.107,0.05,0,9,2024-07-01,Monday,66.646,0.8662000000000001,12.56,Normal,1,Normal
2024-07-01 09:26:00,M01,0.833,0.622,62.27,12.09,0.217,-0.028,0.049,0,9,2024-07-01,Monday,63.93599999999999,0.8062000000000001,12.088,Normal,1,Normal
2024-07-01 09:27:00,M01,0.718,0.658,64.24,12.07,0.207,0.071,0.049,0,9,2024-07-01,Monday,64.08,0.7940000000000002,12.042,Normal,1,Normal
2024-07-01 09:28:00,M01,0.77,0.54,67.82,12.2,0.207,0.01,0.049,0,9,2024-07-01,Monday,64.76599999999999,0.7946000000000001,12.080000000000002,Normal,1,Normal
2024-07-01 09:29:00,M01,0.778,0.567,65.77,11.86,0.198,0.085,0.049,0,9,2024-07-01,Monday,65.45599999999999,0.7794000000000001,12.02,Normal,1,Normal
2024-07-01 09:30:00,M01,0.771,0.667,62.21,11.99,0.12,0.042,0.049,0,9,2024-07-01,Monday,64.462,0.7740000000000001,12.041999999999998,Normal,1,Normal
2024-07-01 09:31:00,M01,0.843,0.679,63.35,11.9,0.18,-0.045,0.048,0,9,2024-07-01,Monday,64.678,0.776,12.004,Normal,1,Normal
2024-07-01 09:32:00,M01,0.827,0.62,65.77,11.75,0.126,-0.055,0.048,0,9,2024-07-01,Monday,64.984,0.7978000000000001,11.94,Normal,1,Normal
2024-07-01 09:33:00,M01,0.769,0.629,64.85,12.46,0.21,0.123,0.048,0,9,2024-07-01,Monday,64.39,0.7976000000000001,11.992,Normal,1,Normal
2024-07-01 09:34:00,M01,0.794,0.594,64.3,11.48,0.15,0.056,0.048,0,9,2024-07-01,Monday,64.096,0.8008000000000001,11.916,Normal,1,Normal
2024-07-01 09:35:00,M01,1.265,0.848,76.22,15.14,0.177,-0.159,0.047,1,9,2024-07-01,Monday,66.898,0.8996000000000001,12.546,Fault,-1,Fault
2024-07-01 09:36:00,M01,0.768,0.543,66.81,11.32,0.136,-0.044,0.047,0,9,2024-07-01,Monday,67.59,0.8846,12.43,Normal,1,Normal
2024-07-01 09:37:00,M01,0.837,0.629,58.36,11.79,0.192,-0.057,0.047,0,9,2024-07-01,Monday,66.10799999999999,0.8865999999999999,12.438,Normal,1,Normal
2024-07-01 09:38:00,M01,0.774,0.52,68.59,11.85,0.149,0.019,0.046,0,9,2024-07-01,Monday,66.856,0.8876000000000002,12.316,Normal,1,Normal
2024-07-01 09:39:00,M01,0.767,0.573,64.64,12.53,0.085,0.11,0.046,0,9,2024-07-01,Monday,66.924,0.8822000000000001,12.526,Normal,1,Normal
2024-07-01 09:40:00,M01,0.898,0.692,63.82,12.77,0.194,0.064,0.045,0,9,2024-07-01,Monday,64.444,0.8088000000000001,12.052,Normal,1,Normal
2024-07-01 09:41:00,M01,0.816,0.567,62.78,12.27,0.196,-0.084,0.045,0,9,2024-07-01,Monday,63.638,0.8184000000000001,12.242,Normal,1,Normal
2024-07-01 09:42:00,M01,0.891,0.6,65.83,11.96,0.175,0.054,0.045,0,9,2024-07-01,Monday,65.13199999999999,0.8292000000000002,12.276,Normal,1,Normal
2024-07-01 09:43:00,M01,0.787,0.548,67.01,12.13,0.235,0.077,0.044,0,9,2024-07-01,Monday,64.816,0.8318000000000001,12.332,Normal,1,Normal
2024-07-01 09:44:00,M01,1.211,0.866,81.05,15.44,0.136,0.158,0.044,1,9,2024-07-01,Monday,68.098,0.9206,12.913999999999998,Fault,-1,Fault
2024-07-01 09:45:00,M01,0.766,0.599,61.83,11.33,0.151,0.077,0.043,0,9,2024-07-01,Monday,67.7,0.8942,12.626,Normal,1,Normal
2024-07-01 09:46:00,M01,0.774,0.584,60.87,11.48,0.217,0.029,0.043,0,9,2024-07-01,Monday,67.31800000000001,0.8858,12.468,Normal,1,Normal
2024-07-01 09:47:00,M01,0.8,0.577,65.33,11.26,0.152,-0.013,0.042,0,9,2024-07-01,Monday,67.21799999999999,0.8676000000000001,12.328,Normal,1,Normal
2024-07-01 09:48:00,M01,0.729,0.667,64.99,12.39,0.216,0.102,0.042,0,9,2024-07-01,Monday,66.814,0.8560000000000002,12.38,Normal,1,Normal
2024-07-01 09:49:00,M01,0.704,0.61,60.83,12.21,0.131,-0.026,0.041,0,9,2024-07-01,Monday,62.77,0.7546000000000002,11.734,Normal,1,Normal
2024-07-01 09:50:00,M01,0.72,0.544,64.65,11.15,0.082,0.001,0.04,0,9,2024-07-01,Monday,63.334,0.7454000000000001,11.698,Normal,1,Normal
2024-07-01 09:51:00,M01,1.318,0.763,80.88,15.61,0.364,-0.016,0.04,1,9,2024-07-01,Monday,67.336,0.8542000000000002,12.524,Fault,-1,Fault
2024-07-01 09:52:00,M01,0.88,0.635,66.34,11.37,0.194,-0.118,0.039,0,9,2024-07-01,Monday,67.53800000000001,0.8702000000000002,12.546,Normal,1,Normal
2024-07-01 09:53:00,M01,0.75,0.568,65.82,11.8,0.158,0.07,0.039,0,9,2024-07-01,Monday,67.704,0.8744000000000002,12.428,Normal,1,Normal
2024-07-01 09:54:00,M01,0.777,0.703,65.69,11.97,0.184,-0.025,0.038,0,9,2024-07-01,Monday,68.676,0.889,12.38,Normal,1,Normal
2024-07-01 09:55:00,M01,0.765,0.588,66.42,12.04,0.113,0.022,0.037,0,9,2024-07-01,Monday,69.03,0.898,12.558,Normal,1,Normal
2024-07-01 09:56:00,M01,0.828,0.548,66.65,11.2,0.213,-0.029,0.037,0,9,2024-07-01,Monday,66.184,0.8,11.675999999999998,Normal,1,Normal
2024-07-01 09:57:00,M01,1.272,1.083,85.16,15.27,0.162,-0.131,0.036,1,9,2024-07-01,Monday,69.94800000000001,0.8784000000000001,12.456,Fault,-1,Fault
2024-07-01 09:58:00,M01,0.839,0.64,63.25,12.12,0.159,0.07,0.035,0,9,2024-07-01,Monday,69.434,0.8962000000000001,12.52,Normal,1,Normal
2024-07-01 09:59:00,M01,0.843,0.679,65.63,11.55,0.105,-0.016,0.035,0,9,2024-07-01,Monday,69.422,0.9094,12.436,Normal,1,Normal
2024-07-01 10:00:00,M01,0.853,0.651,68.61,12.43,0.155,-0.085,0.034,0,10,2024-07-01,Monday,69.86,0.927,12.514,Normal,1,Normal
2024-07-01 10:01:00,M01,0.816,0.643,67.94,11.89,0.085,0.069,0.033,0,10,2024-07-01,Monday,70.118,0.9246,12.652,Normal,1,Normal
2024-07-01 10:02:00,M01,0.823,0.55,66.48,12.09,0.123,0.109,0.032,0,10,2024-07-01,Monday,66.382,0.8348000000000001,12.016,Normal,1,Normal
2024-07-01 10:03:00,M01,0.762,0.64,64.41,11.65,0.158,-0.037,0.032,0,10,2024-07-01,Monday,66.614,0.8194000000000001,11.922,Normal,1,Normal
2024-07-01 10:04:00,M01,0.812,0.639,63.39,11.9,0.105,-0.093,0.031,0,10,2024-07-01,Monday,66.16600000000001,0.8132000000000001,11.992,Normal,1,Normal
2024-07-01 10:05:00,M01,0.752,0.698,65.46,12.51,0.097,-0.114,0.03,0,10,2024-07-01,Monday,65.536,0.793,12.008,Normal,1,Normal
2024-07-01 10:06:00,M01,0.75,0.603,62.72,11.78,0.103,0.009,0.029,0,10,2024-07-01,Monday,64.49199999999999,0.7798,11.986,Normal,1,Normal
2024-07-01 10:07:00,M01,0.799,0.636,63.36,11.85,0.195,0.12,0.028,0,10,2024-07-01,Monday,63.868,0.7750000000000001,11.938,Normal,1,Normal
2024-07-01 10:08:00,M01,0.88,0.636,63.68,12.09,0.172,-0.053,0.027,0,10,2024-07-01,Monday,63.722,0.7986000000000002,12.026,Normal,1,Normal
2024-07-01 10:09:00,M01,0.747,0.641,67.15,12.58,0.193,0.027,0.027,0,10,2024-07-01,Monday,64.474,0.7856000000000001,12.162,Normal,1,Normal
2024-07-01 10:10:00,M01,0.815,0.688,64.43,11.74,0.237,-0.002,0.026,0,10,2024-07-01,Monday,64.268,0.7982000000000001,12.008,Normal,1,Normal
2024-07-01 10:11:00,M01,0.805,0.569,69.71,11.56,0.126,-0.094,0.025,0,10,2024-07-01,Monday,65.666,0.8092,11.964,Normal,1,Normal
2024-07-01 10:12:00,M01,0.823,0.531,62.91,12.94,0.147,-0.099,0.024,0,10,2024-07-01,Monday,65.57600000000001,0.8140000000000001,12.182,Normal,1,Normal
2024-07-01 10:13:00,M01,0.766,0.575,64.98,11.44,0.218,-0.111,0.023,0,10,2024-07-01,Monday,65.83600000000001,0.7912000000000001,12.052,Normal,1,Normal
2024-07-01 10:14:00,M01,0.767,0.551,64.57,11.29,0.088,-0.007,0.022,0,10,2024-07-01,Monday,65.32000000000001,0.7952000000000001,11.794,Normal,1,Normal
2024-07-01 10:15:00,M01,0.749,0.662,66.07,12.95,0.103,0.035,0.021,0,10,2024-07-01,Monday,65.648,0.7820000000000001,12.036,Normal,1,Normal
2024-07-01 10:16:00,M01,0.812,0.53,66.99,11.56,0.085,-0.001,0.02,0,10,2024-07-01,Monday,65.104,0.7834000000000001,12.035999999999998,Normal,1,Normal
2024-07-01 10:17:00,M01,1.165,0.828,76.15,15.34,0.28,-0.055,0.02,1,10,2024-07-01,Monday,67.752,0.8518000000000001,12.516,Fault,1,Normal
2024-07-01 10:18:00,M01,0.739,0.552,64.78,11.88,0.162,-0.02,0.019,0,10,2024-07-01,Monday,67.71199999999999,0.8464,12.604,Normal,1,Normal
2024-07-01 10:19:00,M01,1.183,0.801,77.08,16.06,0.324,0.059,0.018,1,10,2024-07-01,Monday,70.21400000000001,0.9296,13.557999999999998,Fault,-1,Fault
2024-07-01 10:20:00,M01,0.826,0.634,64.05,11.45,0.225,0.097,0.017,0,10,2024-07-01,Monday,69.80999999999999,0.945,13.258,Normal,1,Normal
2024-07-01 10:21:00,M01,0.784,0.56,64.26,12.25,0.23,-0.07,0.016,0,10,2024-07-01,Monday,69.26400000000001,0.9394000000000002,13.395999999999995,Normal,1,Normal
2024-07-01 10:22:00,M01,0.789,0.641,63.5,12.02,0.133,0.008,0.015,0,10,2024-07-01,Monday,66.734,0.8642000000000001,12.732,Normal,1,Normal
2024-07-01 10:23:00,M01,0.867,0.53,65.78,11.09,0.087,0.094,0.014,0,10,2024-07-01,Monday,66.934,0.8898000000000001,12.573999999999998,Normal,1,Normal
2024-07-01 10:24:00,M01,0.886,0.565,65.33,12.73,0.222,0.077,0.013,0,10,2024-07-01,Monday,64.584,0.8304,11.908,Normal,1,Normal
2024-07-01 10:25:00,M01,0.837,0.608,63.51,12.32,0.086,-0.072,0.012,0,10,2024-07-01,Monday,64.476,0.8326,12.082,Normal,1,Normal
2024-07-01 10:26:00,M01,0.805,0.639,66.13,11.83,0.213,-0.013,0.011,0,10,2024-07-01,Monday,64.85,0.8368000000000002,11.998,Normal,1,Normal
2024-07-01 10:27:00,M01,0.799,0.57,64.9,12.11,0.093,0.096,0.01,0,10,2024-07-01,Monday,65.13000000000001,0.8388000000000002,12.016,Normal,1,Normal
2024-07-01 10:28:00,M01,0.82,0.652,68.69,12.11,0.195,0.008,0.009,0,10,2024-07-01,Monday,65.712,0.8294,12.22,Normal,1,Normal
2024-07-01 10:29:00,M01,0.758,0.615,69.0,11.43,0.083,-0.028,0.008,0,10,2024-07-01,Monday,66.446,0.8038000000000001,11.96,Normal,1,Normal
2024-07-01 10:30:00,M01,0.753,0.573,64.61,12.42,0.188,0.091,0.007,0,10,2024-07-01,Monday,66.66600000000001,0.7870000000000001,11.98,Normal,1,Normal
2024-07-01 10:31:00,M01,0.778,0.632,65.82,12.29,0.202,0.098,0.006,0,10,2024-07-01,Monday,66.60400000000001,0.7816000000000001,12.072,Normal,1,Normal
2024-07-01 10:32:00,M01,0.832,0.635,66.71,11.67,0.157,-0.069,0.005,0,10,2024-07-01,Monday,66.966,0.7882000000000001,11.984,Normal,1,Normal
2024-07-01 10:33:00,M01,0.788,0.605,67.13,11.46,0.121,-0.03,0.004,0,10,2024-07-01,Monday,66.654,0.7818,11.854,Normal,1,Normal
2024-07-01 10:34:00,M01,0.756,0.591,63.73,10.77,0.189,-0.053,0.003,0,10,2024-07-01,Monday,65.6,0.7814000000000002,11.722,Normal,1,Normal
2024-07-01 10:35:00,M01,0.826,0.533,65.87,11.76,0.224,-0.084,0.002,0,10,2024-07-01,Monday,65.852,0.796,11.59,Normal,1,Normal
2024-07-01 10:36:00,M01,0.837,0.511,63.09,12.49,0.137,-0.085,0.001,0,10,2024-07-01,Monday,65.306,0.8078000000000001,11.63,Normal,1,Normal
2024-07-01 10:37:00,M01,0.724,0.676,65.19,12.12,0.172,0.019,0.0,0,10,2024-07-01,Monday,65.002,0.7862000000000001,11.72,Normal,1,Normal
2024-07-01 10:38:00,M01,0.803,0.625,65.16,11.8,0.211,-0.077,-0.001,0,10,2024-07-01,Monday,64.60799999999999,0.7892000000000001,11.788,Normal,1,Normal
2024-07-01 10:39:00,M01,0.861,0.57,67.04,12.5,0.252,-0.04,-0.002,0,10,2024-07-01,Monday,65.27,0.8102,12.134,Normal,1,Normal
2024-07-01 10:40:00,M01,0.784,0.685,64.53,12.88,0.188,0.051,-0.003,0,10,2024-07-01,Monday,65.00200000000001,0.8018000000000001,12.358,Normal,1,Normal
2024-07-01 10:41:00,M01,0.756,0.569,66.0,11.83,0.145,-0.063,-0.004,0,10,2024-07-01,Monday,65.584,0.7856000000000001,12.226,Normal,1,Normal
2024-07-01 10:42:00,M01,0.805,0.663,62.4,12.39,0.102,0.087,-0.005,0,10,2024-07-01,Monday,65.026,0.8018000000000001,12.28,Normal,1,Normal
2024-07-01 10:43:00,M01,0.876,0.579,66.43,12.27,0.261,-0.088,-0.006,0,10,2024-07-01,Monday,65.28,0.8164000000000001,12.374,Normal,1,Normal
2024-07-01 10:44:00,M01,1.232,0.756,79.05,15.17,0.27,-0.139,-0.007,1,10,2024-07-01,Monday,67.682,0.8906000000000001,12.908,Fault,-1,Fault
2024-07-01 10:45:00,M01,0.908,0.613,66.02,13.66,0.162,0.001,-0.008,0,10,2024-07-01,Monday,67.97999999999999,0.9154000000000002,13.063999999999998,Normal,1,Normal
2024-07-01 10:46:00,M01,0.801,0.715,60.27,12.14,0.232,-0.007,-0.009,0,10,2024-07-01,Monday,66.83399999999999,0.9244,13.126,Normal,1,Normal
2024-07-01 10:47:00,M01,0.799,0.639,63.93,11.36,0.219,0.079,-0.01,0,10,2024-07-01,Monday,67.14,0.9232,12.919999999999998,Normal,1,Normal
2024-07-01 10:48:00,M01,0.753,0.56,67.16,12.63,0.149,-0.106,-0.011,0,10,2024-07-01,Monday,67.286,0.8986000000000001,12.992,Normal,1,Normal
2024-07-01 10:49:00,M01,0.79,0.546,64.94,11.69,0.228,-0.02,-0.012,0,10,2024-07-01,Monday,64.464,0.8102,12.296,Normal,1,Normal
2024-07-01 10:50:00,M01,0.764,0.69,65.31,12.29,0.087,0.077,-0.013,0,10,2024-07-01,Monday,64.322,0.7814000000000001,12.022,Normal,1,Normal
2024-07-01 10:51:00,M01,0.723,0.682,68.81,12.28,0.172,-0.047,-0.014,0,10,2024-07-01,Monday,66.03,0.7658000000000001,12.05,Normal,1,Normal
2024-07-01 10:52:00,M01,0.856,0.651,66.09,12.29,0.253,-0.074,-0.015,0,10,2024-07-01,Monday,66.462,0.7772,12.236,Normal,1,Normal
2024-07-01 10:53:00,M01,0.86,0.667,68.09,12.09,0.109,-0.061,-0.016,0,10,2024-07-01,Monday,66.648,0.7986000000000001,12.128,Normal,1,Normal
2024-07-01 10:54:00,M01,0.883,0.601,67.51,11.39,0.089,0.111,-0.017,0,10,2024-07-01,Monday,67.162,0.8172,12.068,Normal,1,Normal
2024-07-01 10:55:00,M01,0.783,0.646,63.59,11.23,0.193,-0.047,-0.018,0,10,2024-07-01,Monday,66.81800000000001,0.8210000000000001,11.856,Normal,1,Normal
2024-07-01 10:56:00,M01,0.848,0.589,65.56,11.91,0.19,0.002,-0.018,0,10,2024-07-01,Monday,66.168,0.8460000000000001,11.782,Normal,1,Normal
2024-07-01 10:57:00,M01,0.796,0.632,66.83,11.58,0.095,0.029,-0.019,0,10,2024-07-01,Monday,66.316,0.8340000000000002,11.64,Normal,1,Normal
2024-07-01 10:58:00,M01,0.778,0.615,65.1,12.46,0.229,-0.065,-0.02,0,10,2024-07-01,Monday,65.71799999999999,0.8176,11.714,Normal,1,Normal
2024-07-01 10:59:00,M01,0.925,0.676,64.51,11.68,0.199,-0.086,-0.021,0,10,2024-07-01,Monday,65.11800000000001,0.8260000000000002,11.772,Normal,1,Normal
2024-07-01 11:00:00,M01,0.85,0.557,63.12,12.57,0.213,-0.036,-0.022,0,11,2024-07-01,Monday,65.02399999999999,0.8394000000000001,12.04,Normal,1,Normal
2024-07-01 11:01:00,M01,0.9,0.573,62.35,11.99,0.194,-0.112,-0.023,0,11,2024-07-01,Monday,64.38199999999999,0.8498000000000001,12.056,Normal,1,Normal
2024-07-01 11:02:00,M01,0.86,0.574,65.79,11.54,0.137,-0.089,-0.024,0,11,2024-07-01,Monday,64.174,0.8626000000000001,12.048,Normal,1,Normal
2024-07-01 11:03:00,M01,0.79,0.579,62.61,12.01,0.199,0.111,-0.025,0,11,2024-07-01,Monday,63.676,0.865,11.958,Normal,1,Normal
2024-07-01 11:04:00,M01,0.858,0.636,68.17,11.71,0.163,0.056,-0.026,0,11,2024-07-01,Monday,64.408,0.8516000000000001,11.964,Normal,1,Normal
2024-07-01 11:05:00,M01,0.83,0.522,62.86,11.58,0.129,-0.044,-0.026,0,11,2024-07-01,Monday,64.356,0.8476000000000001,11.766,Normal,1,Normal
2024-07-01 11:06:00,M01,0.751,0.549,66.3,12.33,0.186,-0.035,-0.027,0,11,2024-07-01,Monday,65.14599999999999,0.8178000000000001,11.834,Normal,1,Normal
2024-07-01 11:07:00,M01,1.169,0.874,79.95,14.1,0.274,0.018,-0.028,1,11,2024-07-01,Monday,67.978,0.8795999999999999,12.346,Fault,-1,Fault
2024-07-01 11:08:00,M01,0.885,0.71,65.96,10.83,0.234,0.083,-0.029,0,11,2024-07-01,Monday,68.648,0.8986000000000001,12.11,Normal,1,Normal
2024-07-01 11:09:00,M01,0.817,0.561,66.35,12.06,0.241,0.016,-0.03,0,11,2024-07-01,Monday,68.28399999999999,0.8904,12.18,Normal,1,Normal
2024-07-01 11:10:00,M01,0.83,0.602,66.13,12.21,0.158,-0.022,-0.031,0,11,2024-07-01,Monday,68.93799999999999,0.8904,12.306,Normal,1,Normal
2024-07-01 11:11:00,M01,0.899,0.669,67.01,12.52,0.185,0.026,-0.031,0,11,2024-07-01,Monday,69.08,0.9200000000000002,12.344,Normal,1,Normal
2024-07-01 11:12:00,M01,0.833,0.527,64.54,12.18,0.214,0.002,-0.032,0,11,2024-07-01,Monday,65.99799999999999,0.8528,11.96,Normal,1,Normal
2024-07-01 11:13:00,M01,0.873,0.535,64.18,11.38,0.136,-0.101,-0.033,0,11,2024-07-01,Monday,65.642,0.8504000000000002,12.07,Normal,1,Normal
2024-07-01 11:14:00,M01,0.793,0.687,65.98,12.32,0.081,0.074,-0.034,0,11,2024-07-01,Monday,65.56800000000001,0.8456000000000001,12.122000000000002,Normal,1,Normal
2024-07-01 11:15:00,M01,0.767,0.591,62.62,11.39,0.223,0.037,-0.034,0,11,2024-07-01,Monday,64.86600000000001,0.833,11.958000000000002,Normal,1,Normal
2024-07-01 11:16:00,M01,0.886,0.618,61.65,12.84,0.18,0.1,-0.035,0,11,2024-07-01,Monday,63.794,0.8304,12.022,Normal,1,Normal
2024-07-01 11:17:00,M01,0.849,0.619,64.45,11.73,0.138,-0.086,-0.036,0,11,2024-07-01,Monday,63.776,0.8336000000000002,11.932,Normal,1,Normal
2024-07-01 11:18:00,M01,0.74,0.557,61.56,11.34,0.215,-0.018,-0.037,0,11,2024-07-01,Monday,63.252,0.807,11.924,Normal,1,Normal
2024-07-01 11:19:00,M01,0.747,0.545,64.95,12.68,0.144,-0.004,-0.037,0,11,2024-07-01,Monday,63.04600000000001,0.7978000000000001,11.996,Normal,1,Normal
2024-07-01 11:20:00,M01,0.805,0.605,66.91,12.14,0.23,0.102,-0.038,0,11,2024-07-01,Monday,63.904,0.8054,12.146,Normal,1,Normal
2024-07-01 11:21:00,M01,1.271,0.926,79.14,14.77,0.315,0.002,-0.038,1,11,2024-07-01,Monday,67.402,0.8824,12.532,Fault,-1,Fault
2024-07-01 11:22:00,M01,0.817,0.667,62.58,12.16,0.106,0.036,-0.039,0,11,2024-07-01,Monday,67.02799999999999,0.8760000000000001,12.618,Normal,1,Normal
2024-07-01 11:23:00,M01,0.806,0.69,63.94,11.56,0.167,-0.103,-0.04,0,11,2024-07-01,Monday,67.504,0.8892,12.662,Normal,1,Normal
2024-07-01 11:24:00,M01,0.734,0.601,67.97,11.89,0.157,-0.016,-0.04,0,11,2024-07-01,Monday,68.10799999999999,0.8865999999999999,12.504,Normal,1,Normal
2024-07-01 11:25:00,M01,0.784,0.564,66.14,11.81,0.09,-0.009,-0.041,0,11,2024-07-01,Monday,67.954,0.8824000000000002,12.438,Normal,1,Normal
2024-07-01 11:26:00,M01,0.868,0.575,65.92,11.62,0.117,-0.037,-0.041,0,11,2024-07-01,Monday,65.31,0.8018000000000001,11.808,Normal,1,Normal
2024-07-01 11:27:00,M01,1.14,1.011,76.86,14.06,0.218,0.13,-0.042,1,11,2024-07-01,Monday,68.166,0.8664000000000002,12.188,Fault,-1,Fault
2024-07-01 11:28:00,M01,0.8,0.489,63.63,12.48,0.141,-0.014,-0.043,0,11,2024-07-01,Monday,68.104,0.8652000000000001,12.372,Normal,1,Normal
2024-07-01 11:29:00,M01,0.764,0.574,66.09,11.86,0.111,-0.09,-0.043,0,11,2024-07-01,Monday,67.728,0.8712,12.366,Normal,1,Normal
2024-07-01 11:30:00,M01,0.877,0.591,62.94,11.83,0.261,-0.092,-0.044,0,11,2024-07-01,Monday,67.08800000000001,0.8898000000000001,12.37,Normal,1,Normal
2024-07-01 11:31:00,M01,0.959,0.599,64.6,11.15,0.223,-0.04,-0.044,0,11,2024-07-01,Monday,66.824,0.908,12.276,Normal,1,Normal
2024-07-01 11:32:00,M01,0.782,0.632,66.8,12.9,0.216,0.101,-0.045,0,11,2024-07-01,Monday,64.812,0.8364,12.044,Normal,1,Normal
2024-07-01 11:33:00,M01,0.754,0.515,66.23,12.03,0.21,-0.038,-0.045,0,11,2024-07-01,Monday,65.332,0.8272000000000002,11.954,Normal,1,Normal
2024-07-01 11:34:00,M01,0.859,0.675,63.48,10.93,0.237,-0.073,-0.045,0,11,2024-07-01,Monday,64.80999999999999,0.8462000000000002,11.768,Normal,1,Normal
2024-07-01 11:35:00,M01,0.809,0.685,61.5,11.34,0.241,0.032,-0.046,0,11,2024-07-01,Monday,64.522,0.8326,11.67,Normal,1,Normal
2024-07-01 11:36:00,M01,0.756,0.649,63.2,11.05,0.227,0.083,-0.046,0,11,2024-07-01,Monday,64.24199999999999,0.7920000000000001,11.65,Normal,1,Normal
2024-07-01 11:37:00,M01,0.738,0.624,67.95,12.78,0.149,-0.063,-0.047,0,11,2024-07-01,Monday,64.47200000000001,0.7832000000000001,11.626,Normal,1,Normal
2024-07-01 11:38:00,M01,0.663,0.631,65.15,11.86,0.189,-0.08,-0.047,0,11,2024-07-01,Monday,64.256,0.7650000000000001,11.592,Normal,1,Normal
2024-07-01 11:39:00,M01,0.81,0.606,65.73,12.16,0.149,0.023,-0.047,0,11,2024-07-01,Monday,64.706,0.7552000000000001,11.838,Normal,1,Normal
2024-07-01 11:40:00,M01,0.749,0.662,66.02,11.92,0.207,0.015,-0.048,0,11,2024-07-01,Monday,65.61,0.7432000000000001,11.954,Normal,1,Normal
2024-07-01 11:41:00,M01,0.887,0.502,62.61,11.67,0.158,-0.1,-0.048,0,11,2024-07-01,Monday,65.492,0.7694000000000002,12.078,Normal,1,Normal
2024-07-01 11:42:00,M01,0.729,0.655,66.37,11.63,0.102,0.028,-0.048,0,11,2024-07-01,Monday,65.176,0.7676000000000002,11.848,Normal,1,Normal
2024-07-01 11:43:00,M01,0.852,0.56,67.19,12.01,0.179,-0.012,-0.048,0,11,2024-07-01,Monday,65.584,0.8054,11.878,Normal,1,Normal
2024-07-01 11:44:00,M01,0.746,0.535,65.74,11.94,0.131,0.094,-0.049,0,11,2024-07-01,Monday,65.58599999999998,0.7926000000000001,11.834,Normal,1,Normal
2024-07-01 11:45:00,M01,0.744,0.632,67.2,11.73,0.141,0.102,-0.049,0,11,2024-07-01,Monday,65.822,0.7916000000000001,11.796,Normal,1,Normal
2024-07-01 11:46:00,M01,1.19,0.872,78.89,14.61,0.166,0.124,-0.049,1,11,2024-07-01,Monday,69.078,0.8522000000000001,12.384,Fault,-1,Fault
2024-07-01 11:47:00,M01,0.76,0.641,64.73,11.87,0.11,-0.077,-0.049,0,11,2024-07-01,Monday,68.75,0.8583999999999999,12.432,Normal,1,Normal
2024-07-01 11:48:00,M01,0.838,0.602,66.83,12.0,0.212,0.087,-0.049,0,11,2024-07-01,Monday,68.678,0.8556000000000001,12.429999999999998,Normal,1,Normal
2024-07-01 11:49:00,M01,0.829,0.621,63.65,12.03,0.192,-0.025,-0.05,0,11,2024-07-01,Monday,68.25999999999999,0.8722,12.448,Normal,1,Normal
2024-07-01 11:50:00,M01,0.828,0.491,65.25,11.65,0.188,-0.084,-0.05,0,11,2024-07-01,Monday,67.87,0.889,12.432,Normal,1,Normal
2024-07-01 11:51:00,M01,0.821,0.612,65.95,11.8,0.099,-0.091,-0.05,0,11,2024-07-01,Monday,65.28200000000001,0.8152000000000001,11.87,Normal,1,Normal
2024-07-01 11:52:00,M01,0.835,0.737,65.91,11.53,0.135,-0.027,-0.05,0,11,2024-07-01,Monday,65.518,0.8302000000000002,11.802,Normal,1,Normal
2024-07-01 11:53:00,M01,0.799,0.689,67.96,12.1,0.165,0.089,-0.05,0,11,2024-07-01,Monday,65.744,0.8224,11.822,Normal,1,Normal
2024-07-01 11:54:00,M01,0.804,0.563,64.75,11.57,0.231,-0.103,-0.05,0,11,2024-07-01,Monday,65.96400000000001,0.8174000000000001,11.73,Normal,1,Normal
2024-07-01 11:55:00,M01,0.74,0.6,65.21,12.32,0.182,-0.037,-0.05,0,11,2024-07-01,Monday,65.956,0.7998000000000001,11.864,Normal,1,Normal
2024-07-01 11:56:00,M01,0.744,0.634,67.33,11.63,0.184,-0.049,-0.05,0,11,2024-07-01,Monday,66.232,0.7844000000000001,11.83,Normal,1,Normal
2024-07-01 11:57:00,M01,0.808,0.63,64.81,10.92,0.21,0.014,-0.05,0,11,2024-07-01,Monday,66.012,0.7790000000000001,11.708,Normal,1,Normal
2024-07-01 11:58:00,M01,0.761,0.564,66.63,11.31,0.21,0.042,-0.05,0,11,2024-07-01,Monday,65.74600000000001,0.7714000000000001,11.55,Normal,1,Normal
2024-07-01 11:59:00,M01,0.78,0.61,66.74,11.53,0.221,0.01,-0.05,0,11,2024-07-01,Monday,66.144,0.7666000000000002,11.542000000000002,Normal,1,Normal
2024-07-01 12:00:00,M01,0.805,0.502,63.68,12.96,0.096,-0.076,-0.05,0,12,2024-07-01,Monday,65.838,0.7796000000000001,11.669999999999998,Normal,1,Normal
2024-07-01 12:01:00,M01,0.923,0.845,71.3,14.64,0.111,0.05,-0.05,1,12,2024-07-01,Monday,66.63199999999999,0.8154000000000001,12.272,Fault,-1,Fault
2024-07-01 12:02:00,M01,0.796,0.647,66.99,12.39,0.19,0.088,-0.05,0,12,2024-07-01,Monday,67.068,0.8130000000000001,12.566,Normal,1,Normal
2024-07-01 12:03:00,M01,1.264,0.88,75.7,15.14,0.328,0.104,-0.049,1,12,2024-07-01,Monday,68.88199999999999,0.9136,13.332,Fault,-1,Fault
2024-07-01 12:04:00,M01,0.8,0.664,64.39,12.48,0.157,0.124,-0.049,0,12,2024-07-01,Monday,68.412,0.9176000000000002,13.522,Normal,1,Normal
2024-07-01 12:05:00,M01,0.706,0.659,66.23,11.34,0.183,-0.004,-0.049,0,12,2024-07-01,Monday,68.922,0.8978000000000002,13.198000000000002,Normal,1,Normal
2024-07-01 12:06:00,M01,1.097,0.87,75.47,15.41,0.18,-0.04,-0.049,1,12,2024-07-01,Monday,69.756,0.9326,13.352,Fault,-1,Fault
2024-07-01 12:07:00,M01,0.765,0.587,61.36,11.91,0.163,0.029,-0.049,0,12,2024-07-01,Monday,68.63000000000001,0.9264,13.256,Normal,1,Normal
2024-07-01 12:08:00,M01,0.754,0.586,61.77,11.97,0.168,0.059,-0.048,0,12,2024-07-01,Monday,65.84400000000001,0.8244000000000001,12.622000000000002,Normal,1,Normal
2024-07-01 12:09:00,M01,0.834,0.621,63.4,11.61,0.177,-0.081,-0.048,0,12,2024-07-01,Monday,65.646,0.8312000000000002,12.448,Normal,1,Normal
2024-07-01 12:10:00,M01,1.249,0.871,74.04,15.01,0.259,0.128,-0.048,1,12,2024-07-01,Monday,67.208,0.9398,13.182,Fault,-1,Fault
2024-07-01 12:11:00,M01,0.688,0.641,67.34,12.85,0.073,0.045,-0.048,0,12,2024-07-01,Monday,65.58200000000001,0.8580000000000002,12.67,Normal,1,Normal
2024-07-01 12:12:00,M01,0.78,0.643,64.87,11.84,0.093,-0.113,-0.047,0,12,2024-07-01,Monday,66.284,0.8610000000000001,12.656,Normal,1,Normal
2024-07-01 12:13:00,M01,0.813,0.655,65.75,12.17,0.154,-0.087,-0.047,0,12,2024-07-01,Monday,67.08000000000001,0.8728000000000001,12.696,Normal,1,Normal
2024-07-01 12:14:00,M01,1.265,0.872,78.03,13.85,0.308,0.086,-0.047,1,12,2024-07-01,Monday,70.006,0.959,13.144,Fault,-1,Fault
2024-07-01 12:15:00,M01,1.131,0.92,80.9,14.94,0.257,-0.173,-0.046,1,12,2024-07-01,Monday,71.37800000000001,0.9354,13.13,Fault,-1,Fault
2024-07-01 12:16:00,M01,0.845,0.563,65.31,13.35,0.214,-0.081,-0.046,0,12,2024-07-01,Monday,70.97200000000001,0.9668,13.23,Normal,1,Normal
2024-07-01 12:17:00,M01,1.19,0.989,76.15,15.3,0.357,-0.102,-0.045,1,12,2024-07-01,Monday,73.228,1.0488,13.922,Fault,-1,Fault
2024-07-01 12:18:00,M01,0.865,0.566,65.97,10.85,0.185,-0.041,-0.045,0,12,2024-07-01,Monday,73.272,1.0592,13.657999999999998,Normal,1,Normal
2024-07-01 12:19:00,M01,0.725,0.572,67.84,12.31,0.077,0.083,-0.045,0,12,2024-07-01,Monday,71.23400000000001,0.9512000000000004,13.35,Normal,1,Normal
2024-07-01 12:20:00,M01,0.78,0.608,63.3,11.8,0.151,-0.052,-0.044,0,12,2024-07-01,Monday,67.714,0.881,12.722,Normal,1,Normal
2024-07-01 12:21:00,M01,0.847,0.653,64.55,11.78,0.171,0.01,-0.044,0,12,2024-07-01,Monday,67.562,0.8814,12.408,Normal,1,Normal
2024-07-01 12:22:00,M01,0.821,0.534,64.38,12.0,0.088,-0.049,-0.043,0,12,2024-07-01,Monday,65.208,0.8076000000000001,11.748,Normal,1,Normal
2024-07-01 12:23:00,M01,0.807,0.523,64.06,12.39,0.227,-0.024,-0.043,0,12,2024-07-01,Monday,64.826,0.796,12.056,Normal,1,Normal
2024-07-01 12:24:00,M01,0.778,0.618,61.88,12.64,0.137,0.117,-0.042,0,12,2024-07-01,Monday,63.634,0.8066000000000001,12.122,Normal,1,Normal
2024-07-01 12:25:00,M01,1.232,0.831,75.05,16.08,0.308,0.057,-0.042,1,12,2024-07-01,Monday,65.984,0.897,12.978,Fault,-1,Fault
2024-07-01 12:26:00,M01,0.895,0.561,64.39,11.87,0.185,0.051,-0.041,0,12,2024-07-01,Monday,65.952,0.9066,12.996,Normal,1,Normal
2024-07-01 12:27:00,M01,1.219,1.012,76.15,15.62,0.173,-0.106,-0.04,1,12,2024-07-01,Monday,68.306,0.9862000000000002,13.72,Fault,-1,Fault
2024-07-01 12:28:00,M01,0.834,0.574,62.29,12.09,0.142,-0.09,-0.04,0,12,2024-07-01,Monday,67.952,0.9916,13.66,Normal,1,Normal
2024-07-01 12:29:00,M01,0.809,0.552,66.58,12.04,0.15,-0.077,-0.039,0,12,2024-07-01,Monday,68.892,0.9978,13.539999999999996,Normal,1,Normal
2024-07-01 12:30:00,M01,0.749,0.574,68.58,11.53,0.176,0.108,-0.039,0,12,2024-07-01,Monday,67.59799999999998,0.9012,12.63,Normal,1,Normal
2024-07-01 12:31:00,M01,0.804,0.554,67.12,12.12,0.172,0.025,-0.038,0,12,2024-07-01,Monday,68.14399999999999,0.8830000000000002,12.68,Normal,1,Normal
2024-07-01 12:32:00,M01,0.856,0.603,64.93,12.18,0.186,-0.073,-0.037,0,12,2024-07-01,Monday,65.9,0.8104000000000001,11.992,Normal,1,Normal
2024-07-01 12:33:00,M01,0.869,0.631,65.14,12.03,0.259,0.013,-0.037,0,12,2024-07-01,Monday,66.47,0.8174000000000001,11.98,Normal,1,Normal
2024-07-01 12:34:00,M01,0.725,0.545,64.63,12.44,0.127,-0.061,-0.036,0,12,2024-07-01,Monday,66.08,0.8006,12.06,Normal,1,Normal
2024-07-01 12:35:00,M01,0.778,0.647,66.03,10.8,0.191,0.067,-0.035,0,12,2024-07-01,Monday,65.57000000000001,0.8064,11.913999999999998,Normal,1,Normal
2024-07-01 12:36:00,M01,0.756,0.503,61.5,12.23,0.184,-0.099,-0.035,0,12,2024-07-01,Monday,64.446,0.7968000000000001,11.936,Normal,1,Normal
2024-07-01 12:37:00,M01,0.876,0.563,68.53,12.26,0.189,0.051,-0.034,0,12,2024-07-01,Monday,65.16600000000001,0.8008000000000001,11.952,Normal,1,Normal
2024-07-01 12:38:00,M01,0.766,0.572,67.05,11.88,0.177,0.057,-0.033,0,12,2024-07-01,Monday,65.548,0.7802000000000001,11.922,Normal,1,Normal
2024-07-01 12:39:00,M01,0.726,0.555,68.26,12.24,0.087,-0.061,-0.032,0,12,2024-07-01,Monday,66.274,0.7804,11.882,Normal,1,Normal
2024-07-01 12:40:00,M01,0.878,0.671,63.66,12.04,0.114,-0.025,-0.032,0,12,2024-07-01,Monday,65.8,0.8004000000000001,12.13,Normal,1,Normal
2024-07-01 12:41:00,M01,0.869,0.586,63.48,12.61,0.169,-0.027,-0.031,0,12,2024-07-01,Monday,66.196,0.8230000000000001,12.206,Normal,1,Normal
2024-07-01 12:42:00,M01,0.78,0.608,66.87,11.35,0.165,-0.009,-0.03,0,12,2024-07-01,Monday,65.864,0.8038000000000001,12.024,Normal,1,Normal
2024-07-01 12:43:00,M01,0.846,0.558,67.16,11.68,0.164,-0.038,-0.029,0,12,2024-07-01,Monday,65.886,0.8198000000000001,11.984,Normal,1,Normal
2024-07-01 12:44:00,M01,0.747,0.567,67.73,12.09,0.186,-0.036,-0.028,0,12,2024-07-01,Monday,65.78,0.8240000000000001,11.954,Normal,1,Normal
2024-07-01 12:45:00,M01,0.788,0.503,68.31,11.53,0.186,-0.055,-0.028,0,12,2024-07-01,Monday,66.71000000000001,0.806,11.852,Normal,1,Normal
2024-07-01 12:46:00,M01,0.847,0.469,65.48,11.12,0.143,0.091,-0.027,0,12,2024-07-01,Monday,67.10999999999999,0.8016,11.553999999999998,Normal,1,Normal
2024-07-01 12:47:00,M01,0.831,0.639,64.65,11.0,0.226,0.08,-0.026,0,12,2024-07-01,Monday,66.666,0.8118000000000001,11.484,Normal,1,Normal
2024-07-01 12:48:00,M01,0.796,0.605,62.35,12.03,0.229,-0.003,-0.025,0,12,2024-07-01,Monday,65.70400000000001,0.8018000000000001,11.553999999999998,Normal,1,Normal
2024-07-01 12:49:00,M01,0.779,0.541,65.04,11.86,0.162,-0.027,-0.024,0,12,2024-07-01,Monday,65.16600000000001,0.8082,11.508,Normal,1,Normal
2024-07-01 12:50:00,M01,0.866,0.618,67.27,12.13,0.154,0.069,-0.023,0,12,2024-07-01,Monday,64.958,0.8238000000000001,11.628,Normal,1,Normal
2024-07-01 12:51:00,M01,0.949,0.725,63.46,11.04,0.251,-0.064,-0.022,0,12,2024-07-01,Monday,64.554,0.8442000000000001,11.612,Normal,1,Normal
2024-07-01 12:52:00,M01,0.785,0.604,61.38,11.79,0.23,-0.083,-0.021,0,12,2024-07-01,Monday,63.9,0.8350000000000002,11.77,Normal,1,Normal
2024-07-01 12:53:00,M01,0.767,0.549,67.12,11.99,0.226,0.001,-0.021,0,12,2024-07-01,Monday,64.854,0.8292000000000002,11.762,Normal,1,Normal
2024-07-01 12:54:00,M01,0.785,0.586,66.05,12.23,0.138,-0.031,-0.02,0,12,2024-07-01,Monday,65.05600000000001,0.8304000000000002,11.836,Normal,1,Normal
2024-07-01 12:55:00,M01,1.105,0.915,81.21,15.58,0.117,-0.166,-0.019,1,12,2024-07-01,Monday,67.844,0.8782,12.526,Fault,-1,Fault
2024-07-01 12:56:00,M01,0.795,0.638,63.41,11.98,0.197,-0.009,-0.018,0,12,2024-07-01,Monday,67.834,0.8474000000000002,12.714000000000002,Normal,1,Normal
2024-07-01 12:57:00,M01,1.162,0.861,77.43,14.92,0.212,0.15,-0.017,1,12,2024-07-01,Monday,71.04400000000001,0.9228000000000002,13.34,Fault,-1,Fault
2024-07-01 12:58:00,M01,0.829,0.667,65.47,12.11,0.183,-0.047,-0.016,0,12,2024-07-01,Monday,70.714,0.9352,13.364,Normal,1,Normal
2024-07-01 12:59:00,M01,0.827,0.625,60.54,12.13,0.118,-0.038,-0.015,0,12,2024-07-01,Monday,69.612,0.9436,13.344,Normal,1,Normal
2024-07-01 13:00:00,M01,0.821,0.615,67.4,11.91,0.202,-0.103,-0.014,0,13,2024-07-01,Monday,66.85,0.8868,12.61,Normal,1,Normal
2024-07-01 13:01:00,M01,0.839,0.523,68.78,11.21,0.199,0.091,-0.013,0,13,2024-07-01,Monday,67.924,0.8956,12.456,Normal,1,Normal
2024-07-01 13:02:00,M01,0.8,0.567,62.37,12.87,0.13,0.01,-0.012,0,13,2024-07-01,Monday,64.912,0.8232000000000002,12.046,Normal,1,Normal
2024-07-01 13:03:00,M01,1.35,1.027,78.45,14.41,0.251,0.168,-0.011,1,13,2024-07-01,Monday,67.50800000000001,0.9274,12.506,Fault,-1,Fault
2024-07-01 13:04:00,M01,0.754,0.618,65.94,12.35,0.195,-0.034,-0.01,0,13,2024-07-01,Monday,68.588,0.9128000000000002,12.55,Normal,1,Normal
2024-07-01 13:05:00,M01,1.238,0.84,79.17,13.98,0.126,-0.145,-0.009,1,13,2024-07-01,Monday,70.942,0.9962000000000002,12.964000000000002,Fault,-1,Fault
2024-07-01 13:06:00,M01,0.769,0.66,65.58,12.09,0.093,0.103,-0.008,0,13,2024-07-01,Monday,70.30199999999999,0.9822000000000004,13.139999999999995,Normal,1,Normal
2024-07-01 13:07:00,M01,0.854,0.506,63.44,11.98,0.229,-0.08,-0.007,0,13,2024-07-01,Monday,70.51599999999999,0.993,12.962,Normal,1,Normal
2024-07-01 13:08:00,M01,0.785,0.486,59.46,11.88,0.179,0.062,-0.006,0,13,2024-07-01,Monday,66.71799999999999,0.8800000000000001,12.456,Normal,1,Normal
2024-07-01 13:09:00,M01,0.731,0.603,65.19,11.24,0.2,-0.117,-0.005,0,13,2024-07-01,Monday,66.56800000000001,0.8754000000000002,12.234,Normal,1,Normal
2024-07-01 13:10:00,M01,0.766,0.61,65.81,12.41,0.178,-0.046,-0.004,0,13,2024-07-01,Monday,63.896,0.7810000000000001,11.919999999999998,Normal,1,Normal
2024-07-01 13:11:00,M01,1.107,0.957,76.42,15.65,0.189,0.127,-0.003,1,13,2024-07-01,Monday,66.064,0.8486,12.632,Fault,-1,Fault
2024-07-01 13:12:00,M01,0.835,0.65,67.49,11.76,0.205,-0.083,-0.002,0,13,2024-07-01,Monday,66.874,0.8448,12.588,Normal,1,Normal
2024-07-01 13:13:00,M01,0.818,0.572,58.75,11.73,0.188,-0.031,-0.001,0,13,2024-07-01,Monday,66.732,0.8514000000000002,12.558000000000002,Normal,1,Normal
2024-07-01 13:14:00,M01,0.773,0.659,66.52,12.79,0.214,0.059,-0.0,0,13,2024-07-01,Monday,66.998,0.8598000000000001,12.868,Normal,1,Normal
2024-07-01 13:15:00,M01,0.808,0.55,66.78,12.54,0.156,-0.059,0.001,0,13,2024-07-01,Monday,67.192,0.8682000000000001,12.894,Normal,1,Normal
2024-07-01 13:16:00,M01,0.746,0.55,64.97,12.51,0.182,-0.033,0.002,0,13,2024-07-01,Monday,64.902,0.796,12.266,Normal,1,Normal
2024-07-01 13:17:00,M01,0.697,0.571,64.2,11.37,0.106,0.063,0.003,0,13,2024-07-01,Monday,64.244,0.7684,12.188,Normal,1,Normal
2024-07-01 13:18:00,M01,0.792,0.613,63.81,11.81,0.141,-0.049,0.004,0,13,2024-07-01,Monday,65.256,0.7632000000000001,12.204,Normal,1,Normal
2024-07-01 13:19:00,M01,0.796,0.583,68.1,11.88,0.143,0.006,0.005,0,13,2024-07-01,Monday,65.572,0.7678,12.022,Normal,1,Normal
2024-07-01 13:20:00,M01,0.784,0.596,62.78,11.19,0.217,0.001,0.006,0,13,2024-07-01,Monday,64.772,0.7630000000000001,11.752,Normal,1,Normal
2024-07-01 13:21:00,M01,0.754,0.599,66.75,11.34,0.196,0.037,0.007,0,13,2024-07-01,Monday,65.128,0.7646000000000002,11.518,Normal,1,Normal
2024-07-01 13:22:00,M01,0.821,0.614,68.9,12.32,0.124,-0.069,0.008,0,13,2024-07-01,Monday,66.068,0.7894000000000001,11.708,Normal,1,Normal
2024-07-01 13:23:00,M01,0.703,0.624,65.4,12.59,0.201,0.092,0.009,0,13,2024-07-01,Monday,66.386,0.7716000000000001,11.864,Normal,1,Normal
2024-07-01 13:24:00,M01,0.815,0.66,66.6,12.59,0.17,0.129,0.01,0,13,2024-07-01,Monday,66.086,0.7754000000000001,12.005999999999998,Normal,1,Normal
2024-07-01 13:25:00,M01,0.788,0.519,65.56,12.86,0.15,0.075,0.011,0,13,2024-07-01,Monday,66.642,0.7762,12.34,Normal,1,Normal
2024-07-01 13:26:00,M01,0.828,0.562,64.11,11.81,0.207,0.099,0.012,0,13,2024-07-01,Monday,66.114,0.791,12.434,Normal,1,Normal
2024-07-01 13:27:00,M01,0.887,0.608,64.61,12.8,0.158,-0.104,0.013,0,13,2024-07-01,Monday,65.256,0.8042000000000001,12.53,Normal,1,Normal
2024-07-01 13:28:00,M01,0.784,0.612,65.82,11.83,0.109,-0.015,0.014,0,13,2024-07-01,Monday,65.34,0.8204,12.378,Normal,1,Normal
2024-07-01 13:29:00,M01,0.762,0.643,69.52,12.26,0.103,0.116,0.015,0,13,2024-07-01,Monday,65.924,0.8098000000000001,12.312,Normal,1,Normal
2024-07-01 13:30:00,M01,0.8,0.616,63.77,11.76,0.209,-0.06,0.016,0,13,2024-07-01,Monday,65.566,0.8122000000000001,12.092,Normal,1,Normal
2024-07-01 13:31:00,M01,0.836,0.661,66.35,11.88,0.117,0.067,0.017,0,13,2024-07-01,Monday,66.01399999999998,0.8138000000000002,12.106,Normal,1,Normal
2024-07-01 13:32:00,M01,0.856,0.622,64.03,11.7,0.12,-0.085,0.017,0,13,2024-07-01,Monday,65.898,0.8076000000000001,11.886,Normal,1,Normal
2024-07-01 13:33:00,M01,0.754,0.736,62.48,12.16,0.172,0.116,0.018,0,13,2024-07-01,Monday,65.22999999999999,0.8016,11.952,Normal,1,Normal
2024-07-01 13:34:00,M01,0.763,0.581,63.99,12.28,0.09,-0.065,0.019,0,13,2024-07-01,Monday,64.124,0.8018000000000001,11.956,Normal,1,Normal
2024-07-01 13:35:00,M01,0.766,0.565,65.7,13.06,0.132,-0.078,0.02,0,13,2024-07-01,Monday,64.51,0.7950000000000002,12.216,Normal,1,Normal
2024-07-01 13:36:00,M01,0.769,0.578,63.69,11.22,0.207,0.057,0.021,0,13,2024-07-01,Monday,63.97800000000001,0.7816000000000001,12.084,Normal,1,Normal
2024-07-01 13:37:00,M01,0.758,0.624,68.29,12.41,0.208,0.054,0.022,0,13,2024-07-01,Monday,64.83,0.7620000000000001,12.226,Normal,1,Normal
2024-07-01 13:38:00,M01,0.72,0.614,66.3,11.78,0.184,0.031,0.023,0,13,2024-07-01,Monday,65.594,0.7552000000000001,12.15,Normal,1,Normal
2024-07-01 13:39:00,M01,0.791,0.607,64.45,12.36,0.147,-0.108,0.024,0,13,2024-07-01,Monday,65.686,0.7608,12.166,Normal,1,Normal
2024-07-01 13:40:00,M01,0.767,0.61,63.7,12.58,0.177,-0.024,0.025,0,13,2024-07-01,Monday,65.286,0.7610000000000001,12.07,Normal,1,Normal
2024-07-01 13:41:00,M01,0.875,0.592,64.05,12.01,0.172,-0.103,0.026,0,13,2024-07-01,Monday,65.35799999999999,0.7822000000000001,12.228,Normal,1,Normal
2024-07-01 13:42:00,M01,0.694,0.612,62.67,12.03,0.186,-0.1,0.026,0,13,2024-07-01,Monday,64.23400000000001,0.7694000000000001,12.152,Normal,1,Normal
2024-07-01 13:43:00,M01,1.109,0.948,76.76,15.0,0.168,-0.006,0.027,1,13,2024-07-01,Monday,66.326,0.8472000000000002,12.796,Fault,1,Normal
2024-07-01 13:44:00,M01,0.749,0.652,63.3,11.67,0.188,-0.008,0.028,0,13,2024-07-01,Monday,66.09599999999999,0.8388,12.658,Normal,1,Normal
2024-07-01 13:45:00,M01,0.784,0.638,65.3,11.88,0.182,0.114,0.029,0,13,2024-07-01,Monday,66.416,0.8422000000000001,12.518,Normal,1,Normal
2024-07-01 13:46:00,M01,0.814,0.625,66.7,12.0,0.104,0.111,0.03,0,13,2024-07-01,Monday,66.946,0.8300000000000001,12.516,Normal,1,Normal
2024-07-01 13:47:00,M01,0.839,0.634,64.5,12.4,0.131,-0.09,0.031,0,13,2024-07-01,Monday,67.312,0.859,12.59,Normal,1,Normal
2024-07-01 13:48:00,M01,0.83,0.548,61.31,10.9,0.209,-0.089,0.031,0,13,2024-07-01,Monday,64.222,0.8032,11.77,Normal,1,Normal
2024-07-01 13:49:00,M01,0.806,0.611,65.0,12.34,0.151,-0.053,0.032,0,13,2024-07-01,Monday,64.562,0.8146000000000001,11.904,Normal,1,Normal
2024-07-01 13:50:00,M01,0.755,0.637,67.85,12.49,0.225,0.103,0.033,0,13,2024-07-01,Monday,65.072,0.8088000000000001,12.026,Normal,1,Normal
2024-07-01 13:51:00,M01,0.792,0.556,62.46,11.57,0.125,0.039,0.034,0,13,2024-07-01,Monday,64.224,0.8044,11.94,Normal,1,Normal
2024-07-01 13:52:00,M01,0.821,0.557,64.69,11.45,0.193,0.027,0.034,0,13,2024-07-01,Monday,64.262,0.8008000000000001,11.75,Normal,1,Normal
2024-07-01 13:53:00,M01,0.788,0.558,67.18,12.08,0.081,-0.11,0.035,0,13,2024-07-01,Monday,65.436,0.7924000000000001,11.986,Normal,1,Normal
2024-07-01 13:54:00,M01,1.073,0.701,78.55,14.78,0.256,-0.045,0.036,1,13,2024-07-01,Monday,68.146,0.8458,12.474,Fault,-1,Fault
2024-07-01 13:55:00,M01,0.756,0.609,65.7,11.54,0.202,0.099,0.036,0,13,2024-07-01,Monday,67.716,0.8460000000000001,12.284,Normal,1,Normal
2024-07-01 13:56:00,M01,0.801,0.643,66.48,12.54,0.225,0.012,0.037,0,13,2024-07-01,Monday,68.52000000000001,0.8478000000000001,12.477999999999998,Normal,1,Normal
2024-07-01 13:57:00,M01,0.855,0.609,68.91,11.82,0.108,0.072,0.038,0,13,2024-07-01,Monday,69.364,0.8546000000000001,12.552,Normal,1,Normal
2024-07-01 13:58:00,M01,0.787,0.631,59.14,11.6,0.101,0.092,0.038,0,13,2024-07-01,Monday,67.756,0.8544,12.456,Normal,1,Normal
2024-07-01 13:59:00,M01,0.777,0.58,63.04,11.96,0.088,-0.07,0.039,0,13,2024-07-01,Monday,64.654,0.7952000000000001,11.892,Normal,1,Normal
2024-07-01 14:00:00,M01,0.81,0.583,64.65,11.88,0.213,-0.031,0.04,0,14,2024-07-01,Monday,64.444,0.806,11.96,Normal,1,Normal
2024-07-01 14:01:00,M01,0.806,0.616,62.28,11.63,0.099,0.072,0.04,0,14,2024-07-01,Monday,63.604,0.807,11.778,Normal,1,Normal
2024-07-01 14:02:00,M01,0.807,0.605,65.08,12.6,0.097,-0.037,0.041,0,14,2024-07-01,Monday,62.838,0.7974000000000001,11.934,Normal,1,Normal
2024-07-01 14:03:00,M01,0.739,0.596,64.74,12.58,0.199,-0.022,0.041,0,14,2024-07-01,Monday,63.95799999999999,0.7878000000000001,12.13,Normal,1,Normal
2024-07-01 14:04:00,M01,0.796,0.616,65.25,12.24,0.22,0.041,0.042,0,14,2024-07-01,Monday,64.4,0.7916000000000001,12.186,Normal,1,Normal
2024-07-01 14:05:00,M01,0.774,0.555,60.77,12.14,0.136,0.044,0.043,0,14,2024-07-01,Monday,63.624,0.7844000000000001,12.238,Normal,1,Normal
2024-07-01 14:06:00,M01,0.814,0.507,66.57,11.93,0.198,0.007,0.043,0,14,2024-07-01,Monday,64.482,0.7860000000000001,12.298,Normal,1,Normal
2024-07-01 14:07:00,M01,0.803,0.607,62.24,11.1,0.177,0.064,0.044,0,14,2024-07-01,Monday,63.914,0.7852000000000001,11.998,Normal,1,Normal
2024-07-01 14:08:00,M01,0.779,0.595,65.79,12.37,0.18,0.043,0.044,0,14,2024-07-01,Monday,64.124,0.7932000000000001,11.956,Normal,1,Normal
2024-07-01 14:09:00,M01,0.778,0.628,63.86,11.8,0.21,-0.083,0.044,0,14,2024-07-01,Monday,63.846,0.7896000000000001,11.868,Normal,1,Normal
2024-07-01 14:10:00,M01,0.822,0.658,66.87,11.18,0.144,-0.054,0.045,0,14,2024-07-01,Monday,65.066,0.7992000000000001,11.675999999999998,Normal,1,Normal
2024-07-01 14:11:00,M01,0.836,0.613,67.46,11.53,0.19,-0.042,0.045,0,14,2024-07-01,Monday,65.244,0.8036000000000001,11.596,Normal,1,Normal
2024-07-01 14:12:00,M01,0.831,0.525,62.96,11.55,0.168,0.045,0.046,0,14,2024-07-01,Monday,65.388,0.8092,11.686,Normal,1,Normal
2024-07-01 14:13:00,M01,0.869,0.621,66.35,12.08,0.238,0.065,0.046,0,14,2024-07-01,Monday,65.5,0.8272,11.628,Normal,1,Normal
2024-07-01 14:14:00,M01,0.84,0.676,63.31,12.13,0.116,0.125,0.047,0,14,2024-07-01,Monday,65.39,0.8396000000000001,11.694,Normal,1,Normal
2024-07-01 14:15:00,M01,0.952,0.603,62.1,11.92,0.195,0.089,0.047,0,14,2024-07-01,Monday,64.436,0.8656,11.842000000000002,Normal,1,Normal
2024-07-01 14:16:00,M01,0.784,0.538,65.33,12.0,0.204,0.07,0.047,0,14,2024-07-01,Monday,64.01,0.8552000000000002,11.936000000000002,Normal,1,Normal
2024-07-01 14:17:00,M01,0.792,0.597,67.32,11.86,0.125,0.047,0.048,0,14,2024-07-01,Monday,64.882,0.8474,11.998,Normal,1,Normal
2024-07-01 14:18:00,M01,1.272,0.965,78.15,15.36,0.168,-0.12,0.048,1,14,2024-07-01,Monday,67.242,0.9280000000000002,12.654,Fault,-1,Fault
2024-07-01 14:19:00,M01,0.814,0.609,64.98,10.72,0.215,-0.092,0.048,0,14,2024-07-01,Monday,67.576,0.9228,12.372,Normal,1,Normal
2024-07-01 14:20:00,M01,0.756,0.591,61.16,12.03,0.154,-0.033,0.048,0,14,2024-07-01,Monday,67.388,0.8836,12.394,Normal,1,Normal
2024-07-01 14:21:00,M01,0.814,0.65,66.7,12.33,0.131,-0.005,0.049,0,14,2024-07-01,Monday,67.662,0.8896000000000001,12.46,Normal,1,Normal
2024-07-01 14:22:00,M01,0.872,0.606,66.85,12.16,0.13,0.099,0.049,0,14,2024-07-01,Monday,67.56800000000001,0.9056,12.52,Normal,1,Normal
2024-07-01 14:23:00,M01,0.778,0.567,65.5,11.56,0.182,0.05,0.049,0,14,2024-07-01,Monday,65.03800000000001,0.8068000000000002,11.76,Normal,1,Normal
2024-07-01 14:24:00,M01,0.75,0.675,64.97,12.06,0.102,-0.056,0.049,0,14,2024-07-01,Monday,65.036,0.794,12.028,Normal,1,Normal
2024-07-01 14:25:00,M01,0.773,0.568,65.0,11.92,0.148,0.007,0.049,0,14,2024-07-01,Monday,65.804,0.7974000000000001,12.006,Normal,1,Normal
2024-07-01 14:26:00,M01,0.83,0.622,60.65,11.68,0.123,-0.01,0.05,0,14,2024-07-01,Monday,64.594,0.8006,11.876,Normal,1,Normal
2024-07-01 14:27:00,M01,1.327,0.838,79.11,15.61,0.365,-0.09,0.05,1,14,2024-07-01,Monday,67.046,0.8916000000000001,12.566,Fault,-1,Fault
2024-07-01 14:28:00,M01,0.776,0.506,67.29,11.05,0.139,0.084,0.05,0,14,2024-07-01,Monday,67.40400000000001,0.8912000000000001,12.464,Normal,1,Normal
2024-07-01 14:29:00,M01,0.766,0.513,65.36,11.37,0.095,-0.043,0.05,0,14,2024-07-01,Monday,67.482,0.8944000000000001,12.326,Normal,1,Normal
2024-07-01 14:30:00,M01,0.861,0.623,63.0,11.07,0.116,-0.017,0.05,0,14,2024-07-01,Monday,67.082,0.912,12.156,Normal,1,Normal
2024-07-01 14:31:00,M01,0.872,0.681,69.96,11.51,0.196,-0.085,0.05,0,14,2024-07-01,Monday,68.944,0.9204,12.122,Normal,1,Normal
2024-07-01 14:32:00,M01,0.853,0.569,65.41,13.03,0.187,-0.048,0.05,0,14,2024-07-01,Monday,66.204,0.8256,11.605999999999998,Normal,1,Normal
2024-07-01 14:33:00,M01,0.713,0.591,69.08,12.33,0.154,-0.001,0.05,0,14,2024-07-01,Monday,66.56199999999998,0.8130000000000001,11.862,Normal,1,Normal
2024-07-01 14:34:00,M01,0.821,0.509,66.09,12.73,0.222,0.029,0.05,0,14,2024-07-01,Monday,66.708,0.8240000000000002,12.134,Normal,1,Normal
2024-07-01 14:35:00,M01,0.788,0.536,63.69,13.17,0.136,0.033,0.05,0,14,2024-07-01,Monday,66.84599999999999,0.8094000000000001,12.554,Normal,1,Normal
2024-07-01 14:36:00,M01,1.227,0.923,80.72,16.7,0.147,0.011,0.05,1,14,2024-07-01,Monday,68.998,0.8804000000000002,13.592000000000002,Fault,-1,Fault
2024-07-01 14:37:00,M01,1.152,0.985,76.74,15.8,0.15,-0.074,0.05,1,14,2024-07-01,Monday,71.264,0.9402,14.146,Fault,-1,Fault
2024-07-01 14:38:00,M01,0.778,0.603,61.14,12.26,0.21,0.002,0.05,0,14,2024-07-01,Monday,69.676,0.9532,14.132,Normal,1,Normal
2024-07-01 14:39:00,M01,0.849,0.668,66.14,12.58,0.24,-0.122,0.05,0,14,2024-07-01,Monday,69.686,0.9588,14.102,Normal,1,Normal
2024-07-01 14:40:00,M01,0.803,0.61,64.66,11.27,0.175,-0.037,0.049,0,14,2024-07-01,Monday,69.88,0.9618,13.722,Normal,1,Normal
2024-07-01 14:41:00,M01,0.81,0.592,64.06,13.27,0.096,-0.092,0.049,0,14,2024-07-01,Monday,66.54799999999999,0.8784000000000001,13.036,Normal,1,Normal
2024-07-01 14:42:00,M01,0.842,0.606,68.82,12.02,0.169,-0.053,0.049,0,14,2024-07-01,Monday,64.964,0.8164000000000001,12.28,Normal,1,Normal
2024-07-01 14:43:00,M01,0.751,0.727,65.5,12.33,0.113,0.06,0.049,0,14,2024-07-01,Monday,65.83599999999998,0.8110000000000002,12.294,Normal,1,Normal
2024-07-01 14:44:00,M01,0.875,0.475,64.21,11.73,0.137,0.078,0.049,0,14,2024-07-01,Monday,65.45,0.8162,12.124,Normal,1,Normal
2024-07-01 14:45:00,M01,0.777,0.655,62.2,11.46,0.218,-0.087,0.048,0,14,2024-07-01,Monday,64.958,0.8110000000000002,12.162,Normal,1,Normal
2024-07-01 14:46:00,M01,0.762,0.615,67.7,12.06,0.173,-0.103,0.048,0,14,2024-07-01,Monday,65.686,0.8014000000000001,11.92,Normal,1,Normal
2024-07-01 14:47:00,M01,1.1,0.95,75.8,14.58,0.209,-0.12,0.048,1,14,2024-07-01,Monday,67.08200000000001,0.8530000000000001,12.432,Fault,-1,Fault
2024-07-01 14:48:00,M01,0.766,0.562,66.24,12.19,0.173,-0.058,0.048,0,14,2024-07-01,Monday,67.22999999999999,0.8560000000000002,12.404,Normal,1,Normal
2024-07-01 14:49:00,M01,0.79,0.613,65.8,12.14,0.113,0.061,0.047,0,14,2024-07-01,Monday,67.54799999999999,0.8390000000000001,12.486,Normal,1,Normal
2024-07-01 14:50:00,M01,0.691,0.658,65.89,12.53,0.161,0.079,0.047,0,14,2024-07-01,Monday,68.28599999999999,0.8218000000000002,12.7,Normal,1,Normal
2024-07-01 14:51:00,M01,0.807,0.611,66.87,11.08,0.084,-0.045,0.047,0,14,2024-07-01,Monday,68.12,0.8308000000000002,12.504,Normal,1,Normal
2024-07-01 14:52:00,M01,0.702,0.658,66.87,11.8,0.124,0.066,0.046,0,14,2024-07-01,Monday,66.33399999999999,0.7512000000000001,11.948,Normal,1,Normal
2024-07-01 14:53:00,M01,0.728,0.614,63.35,12.48,0.121,-0.056,0.046,0,14,2024-07-01,Monday,65.756,0.7436,12.006,Normal,1,Normal
2024-07-01 14:54:00,M01,0.742,0.585,67.15,11.98,0.163,-0.053,0.046,0,14,2024-07-01,Monday,66.026,0.7340000000000001,11.974,Normal,1,Normal
2024-07-01 14:55:00,M01,0.89,0.675,68.22,12.5,0.175,0.009,0.045,0,14,2024-07-01,Monday,66.492,0.7738000000000002,11.968,Normal,1,Normal
2024-07-01 14:56:00,M01,0.76,0.548,64.34,12.68,0.178,-0.051,0.045,0,14,2024-07-01,Monday,65.98600000000002,0.7644,12.288,Normal,1,Normal
2024-07-01 14:57:00,M01,0.839,0.581,60.65,11.79,0.126,-0.001,0.044,0,14,2024-07-01,Monday,64.742,0.7918000000000001,12.286,Normal,1,Normal
2024-07-01 14:58:00,M01,0.759,0.593,70.73,11.81,0.221,0.106,0.044,0,14,2024-07-01,Monday,66.218,0.798,12.152,Normal,1,Normal
2024-07-01 14:59:00,M01,0.747,0.552,63.88,12.06,0.155,-0.014,0.043,0,14,2024-07-01,Monday,65.56400000000001,0.7990000000000002,12.168,Normal,1,Normal
2024-07-01 15:00:00,M01,0.889,0.725,68.15,12.35,0.172,0.077,0.043,0,15,2024-07-01,Monday,65.55,0.7988000000000001,12.138,Normal,1,Normal
2024-07-01 15:01:00,M01,1.048,0.749,76.73,15.2,0.115,0.117,0.042,1,15,2024-07-01,Monday,68.02799999999999,0.8564,12.642,Fault,-1,Fault
2024-07-01 15:02:00,M01,0.796,0.587,65.54,12.66,0.2,0.076,0.042,0,15,2024-07-01,Monday,69.006,0.8478000000000001,12.816,Normal,1,Normal
2024-07-01 15:03:00,M01,0.812,0.64,66.51,12.51,0.21,-0.096,0.041,0,15,2024-07-01,Monday,68.162,0.8583999999999999,12.956,Normal,1,Normal
2024-07-01 15:04:00,M01,0.815,0.678,65.54,11.96,0.198,-0.122,0.041,0,15,2024-07-01,Monday,68.494,0.8720000000000001,12.935999999999998,Normal,1,Normal
2024-07-01 15:05:00,M01,0.734,0.583,67.28,11.64,0.191,0.111,0.04,0,15,2024-07-01,Monday,68.32000000000001,0.841,12.794,Normal,1,Normal
2024-07-01 15:06:00,M01,0.744,0.644,66.9,13.09,0.077,0.002,0.039,0,15,2024-07-01,Monday,66.354,0.7802000000000001,12.372,Normal,1,Normal
2024-07-01 15:07:00,M01,1.262,0.763,83.0,14.04,0.175,-0.026,0.039,1,15,2024-07-01,Monday,69.846,0.8734,12.648,Fault,-1,Fault
2024-07-01 15:08:00,M01,0.753,0.603,65.91,11.17,0.159,-0.045,0.038,0,15,2024-07-01,Monday,69.726,0.8616000000000001,12.38,Normal,1,Normal
2024-07-01 15:09:00,M01,0.811,0.564,64.6,11.73,0.152,-0.058,0.037,0,15,2024-07-01,Monday,69.53800000000001,0.8608,12.334,Normal,1,Normal
2024-07-01 15:10:00,M01,0.761,0.649,65.01,11.45,0.082,-0.037,0.037,0,15,2024-07-01,Monday,69.084,0.8662000000000001,12.296,Normal,1,Normal
2024-07-01 15:11:00,M01,0.773,0.582,66.87,11.44,0.103,-0.06,0.036,0,15,2024-07-01,Monday,69.078,0.8720000000000002,11.966,Normal,1,Normal
2024-07-01 15:12:00,M01,0.79,0.536,66.6,11.97,0.111,0.002,0.035,0,15,2024-07-01,Monday,65.79799999999999,0.7776000000000001,11.552,Normal,1,Normal
2024-07-01 15:13:00,M01,0.81,0.542,67.1,12.08,0.116,-0.049,0.035,0,15,2024-07-01,Monday,66.036,0.7890000000000001,11.734,Normal,1,Normal
2024-07-01 15:14:00,M01,0.711,0.644,63.67,12.36,0.164,0.108,0.034,0,15,2024-07-01,Monday,65.85,0.769,11.86,Normal,1,Normal
2024-07-01 15:15:00,M01,0.765,0.599,63.02,12.48,0.088,-0.113,0.033,0,15,2024-07-01,Monday,65.452,0.7698000000000002,12.066,Normal,1,Normal
2024-07-01 15:16:00,M01,0.804,0.663,63.73,12.03,0.089,-0.051,0.032,0,15,2024-07-01,Monday,64.824,0.7760000000000001,12.184,Normal,1,Normal
2024-07-01 15:17:00,M01,0.797,0.614,64.72,11.16,0.21,-0.083,0.032,0,15,2024-07-01,Monday,64.44800000000001,0.7774000000000001,12.022,Normal,1,Normal
2024-07-01 15:18:00,M01,0.748,0.633,66.99,11.32,0.186,-0.112,0.031,0,15,2024-07-01,Monday,64.426,0.7650000000000001,11.87,Normal,1,Normal
2024-07-01 15:19:00,M01,0.702,0.619,63.98,11.49,0.131,-0.037,0.03,0,15,2024-07-01,Monday,64.488,0.7632000000000001,11.696,Normal,1,Normal
2024-07-01 15:20:00,M01,0.78,0.582,63.73,13.0,0.163,-0.004,0.029,0,15,2024-07-01,Monday,64.63,0.7662000000000001,11.8,Normal,1,Normal
2024-07-01 15:21:00,M01,0.805,0.663,64.84,12.13,0.124,-0.106,0.028,0,15,2024-07-01,Monday,64.852,0.7664000000000001,11.82,Normal,1,Normal
2024-07-01 15:22:00,M01,0.79,0.614,68.67,11.45,0.228,-0.01,0.028,0,15,2024-07-01,Monday,65.642,0.7650000000000001,11.878,Normal,1,Normal
2024-07-01 15:23:00,M01,0.805,0.593,62.79,11.91,0.204,-0.09,0.027,0,15,2024-07-01,Monday,64.80199999999999,0.7764000000000001,11.996,Normal,1,Normal
2024-07-01 15:24:00,M01,0.725,0.674,69.25,11.9,0.083,0.076,0.026,0,15,2024-07-01,Monday,65.85600000000001,0.781,12.078,Normal,1,Normal
2024-07-01 15:25:00,M01,0.763,0.7,65.81,12.33,0.212,-0.129,0.025,0,15,2024-07-01,Monday,66.272,0.7776000000000002,11.944,Normal,1,Normal
2024-07-01 15:26:00,M01,0.785,0.631,65.09,12.21,0.17,0.098,0.024,0,15,2024-07-01,Monday,66.322,0.7736000000000001,11.96,Normal,1,Normal
2024-07-01 15:27:00,M01,0.82,0.608,66.96,11.42,0.231,-0.011,0.023,0,15,2024-07-01,Monday,65.98,0.7796000000000001,11.954,Normal,1,Normal
2024-07-01 15:28:00,M01,0.776,0.608,63.07,11.87,0.167,-0.113,0.022,0,15,2024-07-01,Monday,66.036,0.7738,11.946,Normal,1,Normal
2024-07-01 15:29:00,M01,0.806,0.613,64.2,12.79,0.218,-0.02,0.022,0,15,2024-07-01,Monday,65.026,0.79,12.124,Normal,1,Normal
2024-07-01 15:30:00,M01,0.812,0.674,65.8,12.33,0.221,0.097,0.021,0,15,2024-07-01,Monday,65.024,0.7998000000000001,12.124,Normal,1,Normal
2024-07-01 15:31:00,M01,0.75,0.516,62.15,12.53,0.08,0.034,0.02,0,15,2024-07-01,Monday,64.43599999999999,0.7928000000000001,12.188,Normal,1,Normal
2024-07-01 15:32:00,M01,1.204,0.833,77.79,14.08,0.246,-0.146,0.019,1,15,2024-07-01,Monday,66.602,0.8696000000000002,12.72,Fault,-1,Fault
2024-07-01 15:33:00,M01,0.756,0.582,64.74,12.5,0.161,0.044,0.018,0,15,2024-07-01,Monday,66.936,0.8656,12.846,Normal,1,Normal
2024-07-01 15:34:00,M01,0.757,0.579,64.88,11.94,0.209,-0.042,0.017,0,15,2024-07-01,Monday,67.072,0.8558000000000001,12.676,Normal,1,Normal
2024-07-01 15:35:00,M01,0.731,0.531,63.12,11.91,0.086,-0.004,0.016,0,15,2024-07-01,Monday,66.536,0.8396000000000001,12.592,Normal,1,Normal
2024-07-01 15:36:00,M01,0.818,0.556,60.71,11.89,0.144,0.059,0.015,0,15,2024-07-01,Monday,66.248,0.8532,12.464,Normal,1,Normal
2024-07-01 15:37:00,M01,0.862,0.619,67.12,11.34,0.105,0.068,0.014,0,15,2024-07-01,Monday,64.114,0.7848,11.916,Normal,1,Normal
2024-07-01 15:38:00,M01,0.829,0.637,68.22,11.96,0.167,0.053,0.013,0,15,2024-07-01,Monday,64.80999999999999,0.7994,11.808,Normal,1,Normal
2024-07-01 15:39:00,M01,0.768,0.598,65.96,13.14,0.096,0.082,0.012,0,15,2024-07-01,Monday,65.026,0.8016000000000002,12.048,Normal,1,Normal
2024-07-01 15:40:00,M01,0.856,0.58,64.64,13.08,0.097,0.095,0.011,0,15,2024-07-01,Monday,65.33,0.8266000000000002,12.282,Normal,1,Normal
2024-07-01 15:41:00,M01,0.767,0.612,62.03,12.61,0.088,-0.078,0.01,0,15,2024-07-01,Monday,65.59400000000001,0.8164000000000001,12.426,Normal,1,Normal
2024-07-01 15:42:00,M01,0.794,0.513,67.22,11.79,0.211,0.057,0.009,0,15,2024-07-01,Monday,65.614,0.8028000000000001,12.516,Normal,1,Normal
2024-07-01 15:43:00,M01,0.845,0.579,63.64,11.94,0.249,-0.05,0.008,0,15,2024-07-01,Monday,64.69800000000001,0.8060000000000003,12.512,Normal,1,Normal
2024-07-01 15:44:00,M01,1.246,0.928,73.98,14.24,0.243,0.138,0.007,1,15,2024-07-01,Monday,66.30199999999999,0.9016000000000002,12.732,Fault,-1,Fault
2024-07-01 15:45:00,M01,1.158,0.982,74.95,14.26,0.202,0.082,0.006,1,15,2024-07-01,Monday,68.364,0.962,12.968,Fault,1,Normal
2024-07-01 15:46:00,M01,0.806,0.617,62.62,11.98,0.108,-0.123,0.005,0,15,2024-07-01,Monday,68.482,0.9698,12.842,Normal,1,Normal
2024-07-01 15:47:00,M01,0.845,0.613,67.4,11.37,0.154,0.031,0.004,0,15,2024-07-01,Monday,68.518,0.98,12.758,Normal,1,Normal
2024-07-01 15:48:00,M01,0.779,0.648,69.44,12.77,0.104,0.062,0.003,0,15,2024-07-01,Monday,69.678,0.9668,12.924,Normal,1,Normal
2024-07-01 15:49:00,M01,0.785,0.598,66.59,12.35,0.192,0.065,0.002,0,15,2024-07-01,Monday,68.2,0.8746,12.546,Normal,1,Normal
2024-07-01 15:50:00,M01,0.876,0.607,62.77,11.98,0.139,-0.071,0.001,0,15,2024-07-01,Monday,65.764,0.8182,12.09,Normal,1,Normal
2024-07-01 15:51:00,M01,0.909,0.651,62.25,11.64,0.137,-0.128,0.0,0,15,2024-07-01,Monday,65.69,0.8388000000000002,12.022,Normal,1,Normal
2024-07-01 15:52:00,M01,1.133,0.973,75.95,16.17,0.297,-0.009,-0.001,1,15,2024-07-01,Monday,67.4,0.8964000000000002,12.982,Fault,-1,Fault
2024-07-01 15:53:00,M01,0.821,0.529,63.88,12.28,0.148,-0.04,-0.002,0,15,2024-07-01,Monday,66.28800000000001,0.9048,12.884,Normal,1,Normal
2024-07-01 15:54:00,M01,0.761,0.618,62.28,11.91,0.227,0.0,-0.003,0,15,2024-07-01,Monday,65.426,0.9,12.796,Normal,1,Normal
2024-07-01 15:55:00,M01,0.816,0.622,65.72,11.65,0.24,-0.087,-0.004,0,15,2024-07-01,Monday,66.016,0.8880000000000001,12.73,Normal,1,Normal
2024-07-01 15:56:00,M01,0.811,0.583,65.84,12.26,0.167,0.091,-0.005,0,15,2024-07-01,Monday,66.73400000000001,0.8684000000000001,12.854,Normal,1,Normal
2024-07-01 15:57:00,M01,0.805,0.59,65.58,11.76,0.11,0.097,-0.006,0,15,2024-07-01,Monday,64.66,0.8028000000000001,11.972,Normal,1,Normal
2024-07-01 15:58:00,M01,1.193,0.978,75.86,15.57,0.155,-0.062,-0.007,1,15,2024-07-01,Monday,67.056,0.8772000000000002,12.63,Fault,-1,Fault
2024-07-01 15:59:00,M01,0.823,0.583,65.26,11.91,0.227,0.023,-0.008,0,15,2024-07-01,Monday,67.652,0.8896000000000001,12.63,Normal,1,Normal
2024-07-01 16:00:00,M01,0.81,0.529,64.21,12.46,0.224,-0.016,-0.009,0,16,2024-07-01,Monday,67.35,0.8884000000000002,12.791999999999998,Normal,1,Normal
2024-07-01 16:01:00,M01,0.826,0.524,66.92,12.12,0.111,0.097,-0.01,0,16,2024-07-01,Monday,67.566,0.8914000000000002,12.764,Normal,1,Normal
2024-07-01 16:02:00,M01,0.826,0.614,66.0,12.83,0.144,-0.082,-0.011,0,16,2024-07-01,Monday,67.65,0.8956000000000002,12.978,Normal,1,Normal
2024-07-01 16:03:00,M01,0.721,0.611,65.16,13.05,0.185,-0.054,-0.012,0,16,2024-07-01,Monday,65.51,0.8012,12.474,Normal,1,Normal
2024-07-01 16:04:00,M01,1.112,0.978,77.02,16.23,0.27,0.079,-0.013,1,16,2024-07-01,Monday,67.862,0.8590000000000002,13.338,Fault,-1,Fault
2024-07-01 16:05:00,M01,0.782,0.666,64.21,12.26,0.153,0.05,-0.014,0,16,2024-07-01,Monday,67.862,0.8534,13.297999999999998,Normal,1,Normal
2024-07-01 16:06:00,M01,0.812,0.631,67.08,11.44,0.22,0.076,-0.015,0,16,2024-07-01,Monday,67.894,0.8506000000000002,13.162,Normal,1,Normal
2024-07-01 16:07:00,M01,1.177,0.989,79.42,14.65,0.28,-0.023,-0.016,1,16,2024-07-01,Monday,70.578,0.9208000000000002,13.526,Fault,-1,Fault
2024-07-01 16:08:00,M01,0.761,0.62,62.14,12.13,0.199,0.055,-0.016,0,16,2024-07-01,Monday,69.974,0.9288000000000002,13.342000000000002,Normal,1,Normal
2024-07-01 16:09:00,M01,0.911,0.614,64.18,11.0,0.25,-0.107,-0.017,0,16,2024-07-01,Monday,67.40599999999999,0.8886000000000001,12.296,Normal,1,Normal
2024-07-01 16:10:00,M01,0.813,0.649,64.78,12.21,0.218,0.023,-0.018,0,16,2024-07-01,Monday,67.52000000000001,0.8948,12.286,Normal,1,Normal
2024-07-01 16:11:00,M01,0.726,0.654,66.64,11.86,0.197,-0.062,-0.019,0,16,2024-07-01,Monday,67.43199999999999,0.8775999999999999,12.37,Normal,1,Normal
2024-07-01 16:12:00,M01,0.843,0.621,66.37,11.6,0.219,0.115,-0.02,0,16,2024-07-01,Monday,64.822,0.8108000000000001,11.76,Normal,1,Normal
2024-07-01 16:13:00,M01,0.823,0.619,65.03,12.29,0.156,-0.018,-0.021,0,16,2024-07-01,Monday,65.4,0.8232000000000002,11.792,Normal,1,Normal
2024-07-01 16:14:00,M01,1.318,0.992,75.68,14.9,0.338,0.088,-0.022,1,16,2024-07-01,Monday,67.70000000000002,0.9046,12.572,Fault,-1,Fault
2024-07-01 16:15:00,M01,1.27,0.965,77.47,14.49,0.128,-0.031,-0.023,1,16,2024-07-01,Monday,70.238,0.996,13.028,Fault,-1,Fault
2024-07-01 16:16:00,M01,0.782,0.656,66.49,11.59,0.095,-0.064,-0.024,0,16,2024-07-01,Monday,70.208,1.0072,12.974,Normal,1,Normal
2024-07-01 16:17:00,M01,0.898,0.571,63.87,13.0,0.144,0.023,-0.025,0,16,2024-07-01,Monday,69.708,1.0182,13.254,Normal,1,Normal
2024-07-01 16:18:00,M01,0.781,0.658,62.96,11.68,0.107,-0.08,-0.026,0,16,2024-07-01,Monday,69.294,1.0098000000000005,13.132,Normal,1,Normal
2024-07-01 16:19:00,M01,1.196,1.071,78.83,13.55,0.334,0.037,-0.026,1,16,2024-07-01,Monday,69.924,0.9854,12.862,Fault,-1,Fault
2024-07-01 16:20:00,M01,1.122,0.908,79.03,15.84,0.169,-0.06,-0.027,1,16,2024-07-01,Monday,70.236,0.9558000000000002,13.132,Fault,-1,Fault
2024-07-01 16:21:00,M01,0.766,0.643,65.67,12.74,0.118,-0.068,-0.028,0,16,2024-07-01,Monday,70.072,0.9526,13.362,Normal,1,Normal
2024-07-01 16:22:00,M01,0.826,0.551,65.93,12.9,0.145,-0.08,-0.029,0,16,2024-07-01,Monday,70.48400000000001,0.9382,13.342,Normal,1,Normal
2024-07-01 16:23:00,M01,0.829,0.609,61.13,11.88,0.152,-0.001,-0.03,0,16,2024-07-01,Monday,70.11800000000001,0.9478000000000002,13.382,Normal,1,Normal
2024-07-01 16:24:00,M01,0.846,0.573,64.99,11.98,0.11,0.003,-0.03,0,16,2024-07-01,Monday,67.35,0.8778,13.068,Normal,1,Normal
2024-07-01 16:25:00,M01,0.766,0.569,60.94,12.59,0.152,-0.012,-0.031,0,16,2024-07-01,Monday,63.73199999999999,0.8066000000000001,12.418,Normal,1,Normal
2024-07-01 16:26:00,M01,0.803,0.617,63.14,12.09,0.156,-0.115,-0.032,0,16,2024-07-01,Monday,63.226,0.8140000000000001,12.288,Normal,1,Normal
2024-07-01 16:27:00,M01,0.723,0.611,60.69,12.54,0.116,0.045,-0.033,0,16,2024-07-01,Monday,62.178,0.7934000000000001,12.216,Normal,1,Normal
2024-07-01 16:28:00,M01,0.78,0.607,67.63,12.18,0.113,0.013,-0.034,0,16,2024-07-01,Monday,63.478,0.7836000000000001,12.276,Normal,1,Normal
2024-07-01 16:29:00,M01,1.253,0.864,72.7,15.5,0.21,0.071,-0.034,1,16,2024-07-01,Monday,65.02000000000001,0.865,12.98,Fault,-1,Fault
2024-07-01 16:30:00,M01,0.794,0.627,64.89,12.17,0.216,0.101,-0.035,0,16,2024-07-01,Monday,65.81,0.8705999999999999,12.895999999999995,Normal,1,Normal
2024-07-01 16:31:00,M01,0.735,0.619,66.01,11.49,0.144,0.111,-0.036,0,16,2024-07-01,Monday,66.384,0.857,12.776,Normal,1,Normal
2024-07-01 16:32:00,M01,0.756,0.655,64.99,12.01,0.227,-0.01,-0.036,0,16,2024-07-01,Monday,67.244,0.8636000000000001,12.67,Normal,1,Normal
2024-07-01 16:33:00,M01,0.82,0.599,65.25,12.73,0.208,-0.066,-0.037,0,16,2024-07-01,Monday,66.768,0.8716000000000002,12.78,Normal,1,Normal
2024-07-01 16:34:00,M01,0.704,0.545,64.66,11.47,0.088,0.044,-0.038,0,16,2024-07-01,Monday,65.16,0.7618,11.974,Normal,1,Normal
2024-07-01 16:35:00,M01,0.875,0.594,64.78,12.78,0.091,0.031,-0.038,0,16,2024-07-01,Monday,65.138,0.7780000000000001,12.096,Normal,1,Normal
2024-07-01 16:36:00,M01,0.778,0.568,62.73,11.89,0.193,-0.109,-0.039,0,16,2024-07-01,Monday,64.482,0.7866000000000002,12.175999999999998,Normal,1,Normal
2024-07-01 16:37:00,M01,1.11,0.793,79.2,14.51,0.252,0.101,-0.04,1,16,2024-07-01,Monday,67.324,0.8574000000000002,12.675999999999998,Fault,-1,Fault
2024-07-01 16:38:00,M01,0.717,0.658,65.2,11.86,0.145,0.056,-0.04,0,16,2024-07-01,Monday,67.314,0.8368,12.502,Normal,1,Normal
2024-07-01 16:39:00,M01,1.193,0.821,75.81,14.62,0.132,-0.032,-0.041,1,16,2024-07-01,Monday,69.54400000000001,0.9346000000000002,13.132,Fault,1,Normal
2024-07-01 16:40:00,M01,0.751,0.564,65.11,11.48,0.135,-0.039,-0.041,0,16,2024-07-01,Monday,69.60999999999999,0.9098000000000004,12.872,Normal,1,Normal
2024-07-01 16:41:00,M01,0.859,0.578,70.25,12.15,0.15,-0.027,-0.042,0,16,2024-07-01,Monday,71.114,0.9260000000000002,12.924,Normal,1,Normal
2024-07-01 16:42:00,M01,0.717,0.567,69.79,12.21,0.08,0.039,-0.042,0,16,2024-07-01,Monday,69.232,0.8474,12.464,Normal,1,Normal
2024-07-01 16:43:00,M01,0.817,0.608,61.01,11.58,0.234,-0.104,-0.043,0,16,2024-07-01,Monday,68.39399999999999,0.8674000000000002,12.408,Normal,1,Normal
2024-07-01 16:44:00,M01,0.776,0.637,61.85,12.02,0.134,0.087,-0.044,0,16,2024-07-01,Monday,65.602,0.784,11.888,Normal,1,Normal
2024-07-01 16:45:00,M01,0.806,0.55,64.98,12.69,0.12,-0.023,-0.044,0,16,2024-07-01,Monday,65.576,0.7950000000000002,12.13,Normal,1,Normal
2024-07-01 16:46:00,M01,0.859,0.602,63.2,11.66,0.229,-0.072,-0.044,0,16,2024-07-01,Monday,64.166,0.7950000000000002,12.032,Normal,1,Normal
2024-07-01 16:47:00,M01,0.869,0.633,65.87,12.74,0.122,0.034,-0.045,0,16,2024-07-01,Monday,63.382000000000005,0.8254000000000001,12.138000000000002,Normal,1,Normal
2024-07-01 16:48:00,M01,1.285,0.926,78.08,13.81,0.161,0.057,-0.045,1,16,2024-07-01,Monday,66.796,0.9190000000000002,12.584,Fault,-1,Fault
2024-07-01 16:49:00,M01,1.245,0.989,74.52,15.88,0.337,0.187,-0.046,1,16,2024-07-01,Monday,69.33,1.0128,13.356,Fault,-1,Fault
2024-07-01 16:50:00,M01,0.8,0.562,65.71,11.81,0.177,0.018,-0.046,0,16,2024-07-01,Monday,69.476,1.0116,13.18,Normal,1,Normal
2024-07-01 16:51:00,M01,1.252,0.807,77.89,15.41,0.157,0.137,-0.047,1,16,2024-07-01,Monday,72.41399999999999,1.0902,13.93,Fault,-1,Fault
2024-07-01 16:52:00,M01,0.831,0.609,66.62,11.71,0.112,0.103,-0.047,0,16,2024-07-01,Monday,72.564,1.0826,13.724,Normal,1,Normal
2024-07-01 16:53:00,M01,0.738,0.553,67.83,11.83,0.207,-0.053,-0.047,0,16,2024-07-01,Monday,70.514,0.9732,13.328,Normal,1,Normal
2024-07-01 16:54:00,M01,0.844,0.612,65.85,12.06,0.206,-0.026,-0.048,0,16,2024-07-01,Monday,68.78,0.8930000000000001,12.564000000000002,Normal,1,Normal
2024-07-01 16:55:00,M01,0.764,0.529,67.23,12.7,0.154,-0.041,-0.048,0,16,2024-07-01,Monday,69.084,0.8858,12.742,Normal,1,Normal
2024-07-01 16:56:00,M01,0.888,0.638,65.57,11.51,0.214,-0.046,-0.048,0,16,2024-07-01,Monday,66.61999999999999,0.8130000000000001,11.962,Normal,1,Normal
2024-07-01 16:57:00,M01,0.847,0.603,64.34,11.17,0.239,0.0,-0.048,0,16,2024-07-01,Monday,66.16400000000002,0.8162,11.854,Normal,1,Normal
2024-07-01 16:58:00,M01,0.836,0.663,64.5,12.59,0.123,0.119,-0.049,0,16,2024-07-01,Monday,65.498,0.8358000000000001,12.006,Normal,1,Normal
2024-07-01 16:59:00,M01,0.795,0.668,64.87,12.91,0.181,0.061,-0.049,0,16,2024-07-01,Monday,65.30199999999999,0.8260000000000002,12.175999999999998,Normal,1,Normal
2024-07-01 17:00:00,M01,0.778,0.521,65.94,11.41,0.118,-0.015,-0.049,0,17,2024-07-01,Monday,65.04400000000001,0.8288,11.918,Normal,1,Normal
2024-07-01 17:01:00,M01,0.786,0.577,64.69,11.81,0.135,-0.046,-0.049,0,17,2024-07-01,Monday,64.86800000000001,0.8084000000000001,11.978,Normal,1,Normal
2024-07-01 17:02:00,M01,0.736,0.618,62.55,12.01,0.15,0.006,-0.049,0,17,2024-07-01,Monday,64.50999999999999,0.7862000000000001,12.146,Normal,1,Normal
2024-07-01 17:03:00,M01,0.866,0.551,67.59,11.89,0.177,0.047,-0.05,0,17,2024-07-01,Monday,65.128,0.7922000000000001,12.006,Normal,1,Normal
2024-07-01 17:04:00,M01,0.765,0.565,65.38,11.6,0.101,0.009,-0.05,0,17,2024-07-01,Monday,65.22999999999999,0.7862,11.744,Normal,1,Normal
2024-07-01 17:05:00,M01,0.856,0.583,65.83,11.66,0.212,0.069,-0.05,0,17,2024-07-01,Monday,65.208,0.8018000000000001,11.794,Normal,1,Normal
2024-07-01 17:06:00,M01,0.861,0.651,63.57,11.88,0.111,0.042,-0.05,0,17,2024-07-01,Monday,64.98400000000001,0.8168000000000001,11.808000000000002,Normal,1,Normal
2024-07-01 17:07:00,M01,0.753,0.557,66.48,12.11,0.185,0.09,-0.05,0,17,2024-07-01,Monday,65.77000000000001,0.8202000000000002,11.828,Normal,1,Normal
2024-07-01 17:08:00,M01,0.891,0.63,64.35,12.86,0.251,-0.065,-0.05,0,17,2024-07-01,Monday,65.122,0.8252,12.022,Normal,1,Normal
2024-07-01 17:09:00,M01,1.184,0.929,76.58,16.19,0.348,0.096,-0.05,1,17,2024-07-01,Monday,67.362,0.909,12.94,Fault,-1,Fault
2024-07-01 17:10:00,M01,0.732,0.591,65.37,12.6,0.087,0.006,-0.05,0,17,2024-07-01,Monday,67.27000000000001,0.8842000000000001,13.128,Normal,1,Normal
2024-07-01 17:11:00,M01,0.755,0.571,66.66,11.9,0.151,0.103,-0.05,0,17,2024-07-01,Monday,67.888,0.8630000000000001,13.132,Normal,1,Normal
2024-07-01 17:12:00,M01,0.787,0.588,66.24,12.55,0.148,0.022,-0.05,0,17,2024-07-01,Monday,67.84,0.8698,13.220000000000002,Normal,1,Normal
2024-07-01 17:13:00,M01,0.83,0.647,63.51,11.4,0.151,0.056,-0.05,0,17,2024-07-01,Monday,67.672,0.8576,12.928,Normal,1,Normal
2024-07-01 17:14:00,M01,0.86,0.519,66.88,11.91,0.092,0.066,-0.05,0,17,2024-07-01,Monday,65.732,0.7928000000000001,12.072,Normal,1,Normal
2024-07-01 17:15:00,M01,0.795,0.589,64.21,11.06,0.085,-0.086,-0.05,0,17,2024-07-01,Monday,65.49999999999999,0.8054,11.764,Normal,1,Normal
2024-07-01 17:16:00,M01,0.768,0.619,66.74,11.96,0.198,-0.072,-0.05,0,17,2024-07-01,Monday,65.51599999999999,0.8080000000000002,11.776,Normal,1,Normal
2024-07-01 17:17:00,M01,1.405,0.834,80.62,16.17,0.229,-0.123,-0.049,1,17,2024-07-01,Monday,68.392,0.9316000000000002,12.5,Fault,-1,Fault
2024-07-01 17:18:00,M01,0.834,0.609,67.21,11.51,0.193,-0.015,-0.049,0,17,2024-07-01,Monday,69.13199999999999,0.9324,12.522,Normal,1,Normal
2024-07-01 17:19:00,M01,0.811,0.576,66.0,11.29,0.102,-0.089,-0.049,0,17,2024-07-01,Monday,68.95599999999999,0.9226,12.398,Normal,1,Normal
2024-07-01 17:20:00,M01,0.767,0.626,63.73,11.32,0.164,-0.057,-0.049,0,17,2024-07-01,Monday,68.86,0.917,12.45,Normal,1,Normal
2024-07-01 17:21:00,M01,0.798,0.6,62.77,11.72,0.178,0.015,-0.049,0,17,2024-07-01,Monday,68.066,0.9230000000000004,12.402,Normal,1,Normal
2024-07-01 17:22:00,M01,0.841,0.726,65.09,11.28,0.226,-0.101,-0.049,0,17,2024-07-01,Monday,64.96000000000001,0.8102,11.424,Normal,1,Normal
2024-07-01 17:23:00,M01,0.749,0.624,64.71,11.88,0.127,-0.052,-0.048,0,17,2024-07-01,Monday,64.46000000000001,0.7932,11.498,Normal,1,Normal
2024-07-01 17:24:00,M01,0.72,0.656,65.42,12.53,0.095,-0.055,-0.048,0,17,2024-07-01,Monday,64.34400000000001,0.7750000000000001,11.746,Normal,1,Normal
2024-07-01 17:25:00,M01,0.853,0.731,63.56,11.75,0.176,-0.012,-0.048,0,17,2024-07-01,Monday,64.31,0.7922,11.832,Normal,1,Normal
2024-07-01 17:26:00,M01,0.844,0.622,66.1,12.4,0.192,-0.122,-0.047,0,17,2024-07-01,Monday,64.976,0.8014000000000001,11.968,Normal,1,Normal
2024-07-01 17:27:00,M01,0.746,0.552,65.51,12.24,0.089,0.076,-0.047,0,17,2024-07-01,Monday,65.05999999999999,0.7824000000000001,12.16,Normal,1,Normal
2024-07-01 17:28:00,M01,0.809,0.489,63.99,12.57,0.166,0.001,-0.047,0,17,2024-07-01,Monday,64.916,0.7944000000000001,12.298,Normal,1,Normal
2024-07-01 17:29:00,M01,0.743,0.607,62.61,11.62,0.113,0.083,-0.046,0,17,2024-07-01,Monday,64.354,0.7990000000000002,12.116,Normal,1,Normal
2024-07-01 17:30:00,M01,0.813,0.649,65.94,11.63,0.129,-0.068,-0.046,0,17,2024-07-01,Monday,64.83,0.791,12.092,Normal,1,Normal
2024-07-01 17:31:00,M01,0.747,0.664,65.67,11.07,0.145,0.101,-0.046,0,17,2024-07-01,Monday,64.744,0.7716000000000001,11.826,Normal,1,Normal
2024-07-01 17:32:00,M01,0.813,0.536,66.75,11.95,0.131,0.067,-0.045,0,17,2024-07-01,Monday,64.992,0.785,11.768,Normal,1,Normal
2024-07-01 17:33:00,M01,0.813,0.583,62.14,11.54,0.206,0.017,-0.045,0,17,2024-07-01,Monday,64.622,0.7858,11.562,Normal,1,Normal
2024-07-01 17:34:00,M01,0.77,0.637,66.17,11.51,0.133,-0.017,-0.044,0,17,2024-07-01,Monday,65.334,0.7912000000000001,11.54,Normal,1,Normal
2024-07-01 17:35:00,M01,1.291,0.996,76.75,15.31,0.236,0.065,-0.044,1,17,2024-07-01,Monday,67.49600000000001,0.8868,12.276,Fault,-1,Fault
2024-07-01 17:36:00,M01,0.855,0.585,64.56,11.74,0.193,-0.006,-0.043,0,17,2024-07-01,Monday,67.274,0.9084,12.41,Normal,1,Normal
2024-07-01 17:37:00,M01,0.726,0.598,65.27,10.83,0.213,0.091,-0.043,0,17,2024-07-01,Monday,66.978,0.891,12.186,Normal,1,Normal
2024-07-01 17:38:00,M01,0.782,0.557,64.52,12.22,0.094,0.008,-0.042,0,17,2024-07-01,Monday,67.454,0.8848,12.322,Normal,1,Normal
2024-07-01 17:39:00,M01,0.8,0.605,62.75,11.81,0.164,-0.011,-0.042,0,17,2024-07-01,Monday,66.77,0.8908000000000001,12.382,Normal,1,Normal
2024-07-01 17:40:00,M01,0.836,0.578,63.39,11.51,0.163,-0.106,-0.041,0,17,2024-07-01,Monday,64.098,0.7998000000000001,11.622,Normal,1,Normal
2024-07-01 17:41:00,M01,1.273,0.949,73.5,15.66,0.292,0.145,-0.041,1,17,2024-07-01,Monday,65.886,0.8834,12.406,Fault,-1,Fault
2024-07-01 17:42:00,M01,0.801,0.645,62.79,11.61,0.205,0.063,-0.04,0,17,2024-07-01,Monday,65.39,0.8984,12.562,Normal,1,Normal
2024-07-01 17:43:00,M01,0.838,0.613,65.31,11.36,0.219,-0.038,-0.039,0,17,2024-07-01,Monday,65.548,0.9096,12.39,Normal,1,Normal
2024-07-01 17:44:00,M01,0.728,0.577,60.68,12.09,0.167,-0.077,-0.039,0,17,2024-07-01,Monday,65.134,0.8952000000000002,12.446000000000002,Normal,1,Normal
2024-07-01 17:45:00,M01,0.798,0.679,63.65,12.76,0.21,0.013,-0.038,0,17,2024-07-01,Monday,65.18599999999999,0.8876000000000002,12.696,Normal,1,Normal
2024-07-01 17:46:00,M01,0.774,0.541,67.03,12.43,0.09,-0.062,-0.037,0,17,2024-07-01,Monday,63.892,0.7878000000000001,12.05,Normal,1,Normal
2024-07-01 17:47:00,M01,0.888,0.672,62.28,12.77,0.113,-0.13,-0.037,0,17,2024-07-01,Monday,63.79,0.8052000000000001,12.282,Normal,1,Normal
2024-07-01 17:48:00,M01,0.723,0.686,65.22,11.54,0.152,0.038,-0.036,0,17,2024-07-01,Monday,63.772000000000006,0.7822000000000001,12.318,Normal,1,Normal
2024-07-01 17:49:00,M01,0.886,0.685,64.63,11.59,0.191,0.051,-0.035,0,17,2024-07-01,Monday,64.562,0.8138000000000002,12.218,Normal,1,Normal
2024-07-01 17:50:00,M01,1.28,0.887,74.26,14.38,0.369,-0.169,-0.035,1,17,2024-07-01,Monday,66.684,0.9102,12.541999999999998,Fault,-1,Fault
2024-07-01 17:51:00,M01,0.81,0.654,67.58,12.36,0.144,-0.112,-0.034,0,17,2024-07-01,Monday,66.794,0.9174,12.528,Normal,1,Normal
2024-07-01 17:52:00,M01,1.26,0.939,77.81,13.91,0.367,0.036,-0.033,1,17,2024-07-01,Monday,69.9,0.9918,12.756,Fault,-1,Fault
2024-07-01 17:53:00,M01,0.833,0.601,64.1,12.21,0.232,-0.008,-0.032,0,17,2024-07-01,Monday,69.676,1.0138000000000005,12.89,Normal,1,Normal
2024-07-01 17:54:00,M01,1.336,0.946,79.52,14.98,0.26,-0.122,-0.032,1,17,2024-07-01,Monday,72.654,1.1038,13.568,Fault,-1,Fault
2024-07-01 17:55:00,M01,0.831,0.618,67.75,12.02,0.084,0.091,-0.031,0,17,2024-07-01,Monday,71.352,1.014,13.096,Normal,1,Normal
2024-07-01 17:56:00,M01,0.806,0.592,66.0,12.27,0.083,0.021,-0.03,0,17,2024-07-01,Monday,71.036,1.0132,13.078,Normal,1,Normal
2024-07-01 17:57:00,M01,0.826,0.624,66.02,12.22,0.247,-0.006,-0.029,0,17,2024-07-01,Monday,68.678,0.9264,12.74,Normal,1,Normal
2024-07-01 17:58:00,M01,0.827,0.588,59.65,12.81,0.209,-0.051,-0.028,0,17,2024-07-01,Monday,67.788,0.9252,12.86,Normal,1,Normal
2024-07-01 17:59:00,M01,0.862,0.596,65.49,10.81,0.091,0.02,-0.028,0,17,2024-07-01,Monday,64.982,0.8304,12.026,Normal,1,Normal
2024-07-01 08:00:00,M02,0.726,0.617,63.28,12.33,0.2,0.055,0.0,0,8,2024-07-01,Monday,63.28,0.726,12.33,Normal,1,Normal
2024-07-01 08:01:00,M02,0.815,0.589,63.28,11.65,0.092,0.097,0.001,0,8,2024-07-01,Monday,63.28,0.7705,11.99,Normal,1,Normal
2024-07-01 08:02:00,M02,0.865,0.539,64.82,11.79,0.166,-0.101,0.002,0,8,2024-07-01,Monday,63.79333333333333,0.8019999999999999,11.923333333333332,Normal,1,Normal
2024-07-01 08:03:00,M02,0.806,0.595,65.1,11.66,0.12,0.106,0.003,0,8,2024-07-01,Monday,64.12,0.8029999999999999,11.8575,Normal,1,Normal
2024-07-01 08:04:00,M02,0.842,0.675,66.01,12.19,0.114,-0.131,0.004,0,8,2024-07-01,Monday,64.498,0.8108000000000001,11.924,Normal,1,Normal
2024-07-01 08:05:00,M02,0.835,0.587,67.43,12.79,0.199,0.107,0.005,0,8,2024-07-01,Monday,65.328,0.8326,12.016,Normal,1,Normal
2024-07-01 08:06:00,M02,0.676,0.638,66.06,12.67,0.073,0.109,0.006,0,8,2024-07-01,Monday,65.884,0.8048,12.22,Normal,1,Normal
2024-07-01 08:07:00,M02,0.775,0.519,64.11,11.47,0.199,0.047,0.007,0,8,2024-07-01,Monday,65.742,0.7867999999999999,12.156,Normal,1,Normal
2024-07-01 08:08:00,M02,0.843,0.644,60.92,12.62,0.202,0.043,0.008,0,8,2024-07-01,Monday,64.90599999999999,0.7942,12.348,Normal,1,Normal
2024-07-01 08:09:00,M02,0.794,0.591,66.72,12.6,0.157,-0.008,0.009,0,8,2024-07-01,Monday,65.048,0.7846,12.43,Normal,1,Normal
2024-07-01 08:10:00,M02,0.753,0.561,64.35,11.64,0.189,-0.095,0.01,0,8,2024-07-01,Monday,64.43199999999999,0.7682,12.2,Normal,1,Normal
2024-07-01 08:11:00,M02,0.859,0.544,68.63,12.38,0.092,0.005,0.011,0,8,2024-07-01,Monday,64.946,0.8048,12.142,Normal,1,Normal
2024-07-01 08:12:00,M02,0.87,0.597,66.97,12.1,0.254,0.102,0.012,0,8,2024-07-01,Monday,65.518,0.8238,12.268,Normal,1,Normal
2024-07-01 08:13:00,M02,0.75,0.551,66.08,11.77,0.153,0.01,0.013,0,8,2024-07-01,Monday,66.55,0.8051999999999999,12.098,Normal,1,Normal
2024-07-01 08:14:00,M02,0.829,0.549,63.54,12.66,0.206,0.078,0.014,0,8,2024-07-01,Monday,65.914,0.8122,12.11,Normal,1,Normal
2024-07-01 08:15:00,M02,0.849,0.523,68.14,12.59,0.16,-0.04,0.015,0,8,2024-07-01,Monday,66.672,0.8314,12.3,Normal,1,Normal
2024-07-01 08:16:00,M02,0.818,0.585,65.07,11.66,0.235,0.045,0.016,0,8,2024-07-01,Monday,65.96000000000001,0.8231999999999999,12.156,Normal,1,Normal
2024-07-01 08:17:00,M02,0.885,0.551,63.03,11.77,0.255,0.094,0.017,0,8,2024-07-01,Monday,65.172,0.8262,12.09,Normal,1,Normal
2024-07-01 08:18:00,M02,0.801,0.553,66.61,12.49,0.132,0.095,0.018,0,8,2024-07-01,Monday,65.27799999999999,0.8363999999999999,12.234,Normal,1,Normal
2024-07-01 08:19:00,M02,0.778,0.569,68.84,12.2,0.17,-0.023,0.019,0,8,2024-07-01,Monday,66.338,0.8262,12.142,Normal,1,Normal
2024-07-01 08:20:00,M02,0.762,0.627,68.24,12.27,0.087,0.073,0.019,0,8,2024-07-01,Monday,66.35799999999999,0.8088,12.078,Normal,1,Normal
2024-07-01 08:21:00,M02,0.797,0.526,62.64,12.47,0.111,-0.083,0.02,0,8,2024-07-01,Monday,65.872,0.8046000000000001,12.239999999999998,Normal,1,Normal
2024-07-01 08:22:00,M02,0.766,0.648,63.52,11.99,0.194,0.113,0.021,0,8,2024-07-01,Monday,65.97,0.7807999999999999,12.284,Normal,1,Normal
2024-07-01 08:23:00,M02,0.821,0.633,62.51,11.63,0.131,0.018,0.022,0,8,2024-07-01,Monday,65.15,0.7847999999999999,12.112,Normal,1,Normal
2024-07-01 08:24:00,M02,0.89,0.615,62.24,11.99,0.255,0.036,0.023,0,8,2024-07-01,Monday,63.83,0.8071999999999999,12.07,Normal,1,Normal
2024-07-01 08:25:00,M02,0.694,0.667,64.81,12.94,0.201,-0.022,0.024,0,8,2024-07-01,Monday,63.144000000000005,0.7936,12.204,Normal,1,Normal
2024-07-01 08:26:00,M02,0.854,0.598,62.42,12.62,0.225,-0.022,0.025,0,8,2024-07-01,Monday,63.1,0.805,12.234,Normal,1,Normal
2024-07-01 08:27:00,M02,0.791,0.56,65.1,12.28,0.107,-0.005,0.026,0,8,2024-07-01,Monday,63.416,0.8099999999999999,12.292,Normal,1,Normal
2024-07-01 08:28:00,M02,0.73,0.669,63.43,12.11,0.213,0.024,0.027,0,8,2024-07-01,Monday,63.6,0.7918000000000001,12.388,Normal,1,Normal
2024-07-01 08:29:00,M02,0.803,0.575,63.16,11.76,0.112,0.062,0.027,0,8,2024-07-01,Monday,63.784000000000006,0.7744,12.342,Normal,1,Normal
2024-07-01 08:30:00,M02,0.814,0.528,62.28,12.36,0.229,0.041,0.028,0,8,2024-07-01,Monday,63.278,0.7984,12.226,Normal,1,Normal
2024-07-01 08:31:00,M02,0.807,0.644,64.9,12.5,0.113,0.055,0.029,0,8,2024-07-01,Monday,63.774,0.7889999999999999,12.202,Normal,1,Normal
2024-07-01 08:32:00,M02,0.81,0.635,64.05,12.32,0.211,0.069,0.03,0,8,2024-07-01,Monday,63.564,0.7928,12.21,Normal,1,Normal
2024-07-01 08:33:00,M02,0.826,0.653,66.02,12.48,0.125,0.055,0.031,0,8,2024-07-01,Monday,64.082,0.8119999999999999,12.284,Normal,1,Normal
2024-07-01 08:34:00,M02,0.798,0.59,68.4,12.14,0.181,0.046,0.031,0,8,2024-07-01,Monday,65.13,0.8109999999999999,12.36,Normal,1,Normal
2024-07-01 08:35:00,M02,1.327,0.966,79.36,14.85,0.372,0.116,0.032,1,8,2024-07-01,Monday,68.546,0.9136,12.858,Fault,-1,Fault
2024-07-01 08:36:00,M02,0.767,0.555,66.34,11.85,0.223,-0.009,0.033,0,8,2024-07-01,Monday,68.834,0.9056,12.728,Normal,1,Normal
2024-07-01 08:37:00,M02,0.81,0.658,65.4,12.09,0.239,-0.102,0.034,0,8,2024-07-01,Monday,69.10400000000001,0.9056,12.682,Normal,1,Normal
2024-07-01 08:38:00,M02,0.852,0.638,69.21,11.62,0.159,-0.037,0.034,0,8,2024-07-01,Monday,69.74199999999999,0.9108,12.51,Normal,1,Normal
2024-07-01 08:39:00,M02,0.758,0.594,65.74,11.7,0.139,0.017,0.035,0,8,2024-07-01,Monday,69.21000000000001,0.9028,12.422,Normal,1,Normal
2024-07-01 08:40:00,M02,0.813,0.548,66.39,12.32,0.236,-0.008,0.036,0,8,2024-07-01,Monday,66.616,0.8,11.916,Normal,1,Normal
2024-07-01 08:41:00,M02,0.854,0.564,66.55,13.13,0.13,-0.01,0.037,0,8,2024-07-01,Monday,66.658,0.8173999999999999,12.172,Normal,1,Normal
2024-07-01 08:42:00,M02,1.265,1.048,79.52,14.04,0.332,-0.102,0.037,1,8,2024-07-01,Monday,69.482,0.9084,12.562,Fault,-1,Fault
2024-07-01 08:43:00,M02,0.81,0.598,67.78,12.13,0.119,-0.023,0.038,0,8,2024-07-01,Monday,69.196,0.9,12.664,Normal,1,Normal
2024-07-01 08:44:00,M02,0.753,0.652,63.79,12.28,0.109,-0.019,0.039,0,8,2024-07-01,Monday,68.806,0.8989999999999998,12.78,Normal,1,Normal
2024-07-01 08:45:00,M02,0.825,0.508,65.66,10.66,0.23,-0.01,0.039,0,8,2024-07-01,Monday,68.66,0.9014,12.448,Normal,1,Normal
2024-07-01 08:46:00,M02,1.129,0.807,79.07,14.57,0.136,0.054,0.04,1,8,2024-07-01,Monday,71.16399999999999,0.9564,12.736,Fault,1,Normal
2024-07-01 08:47:00,M02,0.753,0.619,67.11,11.91,0.098,-0.103,0.04,0,8,2024-07-01,Monday,68.68199999999999,0.8539999999999999,12.31,Normal,1,Normal
2024-07-01 08:48:00,M02,0.758,0.534,66.59,11.69,0.09,0.093,0.041,0,8,2024-07-01,Monday,68.444,0.8436,12.222,Normal,1,Normal
2024-07-01 08:49:00,M02,0.799,0.59,67.43,11.49,0.129,-0.113,0.042,0,8,2024-07-01,Monday,69.172,0.8527999999999999,12.063999999999998,Normal,1,Normal
2024-07-01 08:50:00,M02,0.761,0.668,67.5,12.61,0.144,-0.079,0.042,0,8,2024-07-01,Monday,69.54,0.8400000000000001,12.454,Normal,1,Normal
2024-07-01 08:51:00,M02,0.761,0.647,62.9,11.11,0.149,-0.02,0.043,0,8,2024-07-01,Monday,66.306,0.7664,11.762,Normal,1,Normal
2024-07-01 08:52:00,M02,0.723,0.626,63.36,12.61,0.164,0.099,0.043,0,8,2024-07-01,Monday,65.55600000000001,0.7604,11.902,Normal,1,Normal
2024-07-01 08:53:00,M02,0.938,0.548,61.78,11.38,0.125,-0.022,0.044,0,8,2024-07-01,Monday,64.594,0.7964,11.84,Normal,1,Normal
2024-07-01 08:54:00,M02,1.271,0.999,75.55,15.29,0.217,0.027,0.044,1,8,2024-07-01,Monday,66.21799999999999,0.8907999999999999,12.599999999999998,Fault,-1,Fault
2024-07-01 08:55:00,M02,0.8,0.481,66.0,11.0,0.206,-0.024,0.045,0,8,2024-07-01,Monday,65.91799999999999,0.8985999999999998,12.278,Normal,1,Normal
2024-07-01 08:56:00,M02,1.063,0.851,80.0,15.02,0.11,-0.123,0.045,1,8,2024-07-01,Monday,69.338,0.959,13.06,Fault,-1,Fault
2024-07-01 08:57:00,M02,0.796,0.507,65.06,11.37,0.15,-0.066,0.045,0,8,2024-07-01,Monday,69.678,0.9736,12.812,Normal,1,Normal
2024-07-01 08:58:00,M02,0.703,0.651,65.34,12.68,0.207,-0.02,0.046,0,8,2024-07-01,Monday,70.39000000000001,0.9266,13.072,Normal,1,Normal
2024-07-01 08:59:00,M02,0.781,0.546,67.46,11.89,0.226,-0.109,0.046,0,8,2024-07-01,Monday,68.772,0.8286,12.392,Normal,1,Normal
2024-07-01 09:00:00,M02,0.796,0.681,66.95,12.13,0.196,0.098,0.047,0,9,2024-07-01,Monday,68.962,0.8278000000000001,12.618,Normal,1,Normal
2024-07-01 09:01:00,M02,1.203,0.869,78.33,15.41,0.346,0.125,0.047,1,9,2024-07-01,Monday,68.628,0.8558,12.696,Fault,-1,Fault
2024-07-01 09:02:00,M02,0.737,0.634,63.52,12.06,0.188,-0.019,0.047,0,9,2024-07-01,Monday,68.32000000000001,0.844,12.834,Normal,1,Normal
2024-07-01 09:03:00,M02,0.775,0.583,62.7,12.39,0.196,0.021,0.048,0,9,2024-07-01,Monday,67.792,0.8583999999999999,12.776,Normal,1,Normal
2024-07-01 09:04:00,M02,0.761,0.566,62.7,12.5,0.157,0.01,0.048,0,9,2024-07-01,Monday,66.84,0.8544,12.898,Normal,1,Normal
2024-07-01 09:05:00,M02,0.873,0.638,62.18,12.7,0.233,0.019,0.048,0,9,2024-07-01,Monday,65.886,0.8698,13.012,Normal,1,Normal
2024-07-01 09:06:00,M02,0.787,0.593,68.54,11.99,0.085,-0.007,0.048,0,9,2024-07-01,Monday,63.92800000000001,0.7866,12.328,Normal,1,Normal
2024-07-01 09:07:00,M02,0.852,0.609,64.47,12.56,0.223,-0.069,0.049,0,9,2024-07-01,Monday,64.118,0.8096,12.428,Normal,1,Normal
2024-07-01 09:08:00,M02,0.752,0.549,65.92,12.17,0.174,-0.016,0.049,0,9,2024-07-01,Monday,64.762,0.8049999999999999,12.384,Normal,1,Normal
2024-07-01 09:09:00,M02,0.8,0.598,65.74,12.4,0.092,-0.042,0.049,0,9,2024-07-01,Monday,65.37,0.8128,12.364,Normal,1,Normal
2024-07-01 09:10:00,M02,1.181,0.877,76.37,16.35,0.24,0.121,0.049,1,9,2024-07-01,Monday,68.208,0.8744,13.094,Fault,-1,Fault
2024-07-01 09:11:00,M02,0.774,0.554,64.21,12.3,0.126,0.064,0.049,0,9,2024-07-01,Monday,67.342,0.8718,13.156,Normal,1,Normal
2024-07-01 09:12:00,M02,0.894,0.535,66.82,12.5,0.256,-0.094,0.05,0,9,2024-07-01,Monday,67.812,0.8802,13.144,Normal,1,Normal
2024-07-01 09:13:00,M02,0.75,0.528,65.51,11.42,0.176,0.06,0.05,0,9,2024-07-01,Monday,67.72999999999999,0.8798,12.994,Normal,1,Normal
2024-07-01 09:14:00,M02,0.849,0.533,65.67,12.48,0.247,-0.061,0.05,0,9,2024-07-01,Monday,67.716,0.8896000000000001,13.01,Normal,1,Normal
2024-07-01 09:15:00,M02,0.856,0.687,59.98,12.32,0.206,0.005,0.05,0,9,2024-07-01,Monday,64.438,0.8246,12.204,Normal,1,Normal
2024-07-01 09:16:00,M02,0.777,0.548,63.46,12.13,0.18,-0.009,0.05,0,9,2024-07-01,Monday,64.288,0.8252,12.169999999999998,Normal,1,Normal
2024-07-01 09:17:00,M02,0.717,0.601,65.34,12.35,0.176,0.04,0.05,0,9,2024-07-01,Monday,63.992,0.7898,12.14,Normal,1,Normal
2024-07-01 09:18:00,M02,0.733,0.574,61.18,12.63,0.2,-0.089,0.05,0,9,2024-07-01,Monday,63.126,0.7864,12.382,Normal,1,Normal
2024-07-01 09:19:00,M02,0.874,0.608,64.84,11.79,0.219,-0.069,0.05,0,9,2024-07-01,Monday,62.96,0.7914,12.244,Normal,1,Normal
2024-07-01 09:20:00,M02,0.824,0.512,61.45,12.8,0.158,-0.07,0.05,0,9,2024-07-01,Monday,63.254000000000005,0.785,12.34,Normal,1,Normal
2024-07-01 09:21:00,M02,0.774,0.671,65.62,11.59,0.109,-0.005,0.05,0,9,2024-07-01,Monday,63.686,0.7844,12.232,Normal,1,Normal
2024-07-01 09:22:00,M02,1.189,0.984,77.03,15.16,0.326,0.042,0.05,1,9,2024-07-01,Monday,66.024,0.8788,12.794,Fault,-1,Fault
2024-07-01 09:23:00,M02,0.743,0.593,65.73,11.51,0.114,0.08,0.05,0,9,2024-07-01,Monday,66.934,0.8808,12.57,Normal,1,Normal
2024-07-01 09:24:00,M02,0.79,0.571,65.23,12.19,0.182,-0.086,0.05,0,9,2024-07-01,Monday,67.01200000000001,0.8640000000000001,12.65,Normal,1,Normal
2024-07-01 09:25:00,M02,0.793,0.625,61.06,11.97,0.23,-0.106,0.05,0,9,2024-07-01,Monday,66.934,0.8577999999999999,12.484,Normal,1,Normal
2024-07-01 09:26:00,M02,0.717,0.656,66.99,11.5,0.13,-0.012,0.049,0,9,2024-07-01,Monday,67.208,0.8464,12.466,Normal,1,Normal
2024-07-01 09:27:00,M02,0.817,0.546,62.64,11.36,0.207,0.02,0.049,0,9,2024-07-01,Monday,64.33000000000001,0.772,11.706,Normal,1,Normal
2024-07-01 09:28:00,M02,0.672,0.686,64.85,13.31,0.128,0.131,0.049,0,9,2024-07-01,Monday,64.154,0.7578,12.066,Normal,1,Normal
2024-07-01 09:29:00,M02,0.77,0.619,62.71,11.92,0.124,-0.06,0.049,0,9,2024-07-01,Monday,63.65,0.7538,12.012,Normal,1,Normal
2024-07-01 09:30:00,M02,0.75,0.666,68.07,12.08,0.168,0.036,0.049,0,9,2024-07-01,Monday,65.05199999999999,0.7452,12.034,Normal,1,Normal
2024-07-01 09:31:00,M02,0.812,0.585,67.06,12.92,0.168,-0.053,0.048,0,9,2024-07-01,Monday,65.06599999999999,0.7642,12.318,Normal,1,Normal
2024-07-01 09:32:00,M02,0.869,0.596,64.86,13.25,0.113,-0.08,0.048,0,9,2024-07-01,Monday,65.50999999999999,0.7746000000000001,12.696000000000002,Normal,1,Normal
2024-07-01 09:33:00,M02,0.769,0.583,64.53,11.24,0.166,-0.019,0.048,0,9,2024-07-01,Monday,65.446,0.794,12.282,Normal,1,Normal
2024-07-01 09:34:00,M02,0.827,0.513,66.56,12.74,0.12,-0.017,0.048,0,9,2024-07-01,Monday,66.216,0.8054,12.446,Normal,1,Normal
2024-07-01 09:35:00,M02,0.796,0.578,66.05,12.2,0.198,0.049,0.047,0,9,2024-07-01,Monday,65.81199999999998,0.8146000000000001,12.47,Normal,1,Normal
2024-07-01 09:36:00,M02,0.744,0.693,64.81,11.93,0.099,-0.116,0.047,0,9,2024-07-01,Monday,65.36200000000001,0.8009999999999999,12.272,Normal,1,Normal
2024-07-01 09:37:00,M02,0.848,0.618,62.27,12.32,0.201,0.108,0.047,0,9,2024-07-01,Monday,64.84400000000001,0.7968,12.086,Normal,1,Normal
2024-07-01 09:38:00,M02,1.24,0.941,74.89,15.05,0.163,-0.123,0.046,1,9,2024-07-01,Monday,66.916,0.891,12.848,Fault,-1,Fault
2024-07-01 09:39:00,M02,0.785,0.659,64.93,12.21,0.112,0.111,0.046,0,9,2024-07-01,Monday,66.59,0.8826,12.742,Normal,1,Normal
2024-07-01 09:40:00,M02,0.91,0.551,62.5,12.41,0.102,-0.013,0.045,0,9,2024-07-01,Monday,65.88,0.9054,12.784,Normal,1,Normal
2024-07-01 09:41:00,M02,0.846,0.616,65.77,12.08,0.15,-0.051,0.045,0,9,2024-07-01,Monday,66.072,0.9258,12.813999999999998,Normal,1,Normal
2024-07-01 09:42:00,M02,0.856,0.643,67.27,11.41,0.111,-0.112,0.045,0,9,2024-07-01,Monday,67.072,0.9274,12.632,Normal,1,Normal
2024-07-01 09:43:00,M02,1.065,0.978,81.41,14.11,0.247,0.078,0.044,1,9,2024-07-01,Monday,68.376,0.8924,12.444,Fault,-1,Fault
2024-07-01 09:44:00,M02,0.749,0.555,64.65,11.45,0.185,0.042,0.044,0,9,2024-07-01,Monday,68.32000000000001,0.8852,12.292,Normal,1,Normal
2024-07-01 09:45:00,M02,0.831,0.513,64.08,12.04,0.211,-0.054,0.043,0,9,2024-07-01,Monday,68.636,0.8694,12.218,Normal,1,Normal
2024-07-01 09:46:00,M02,0.743,0.596,67.83,12.43,0.217,0.05,0.043,0,9,2024-07-01,Monday,69.048,0.8488,12.288,Normal,1,Normal
2024-07-01 09:47:00,M02,0.806,0.555,65.06,12.05,0.147,0.035,0.042,0,9,2024-07-01,Monday,68.60600000000001,0.8388,12.416,Normal,1,Normal
2024-07-01 09:48:00,M02,0.885,0.622,63.37,12.13,0.263,0.083,0.042,0,9,2024-07-01,Monday,64.998,0.8028000000000001,12.02,Normal,1,Normal
2024-07-01 09:49:00,M02,0.755,0.649,62.59,11.94,0.13,-0.107,0.041,0,9,2024-07-01,Monday,64.586,0.8039999999999999,12.118,Normal,1,Normal
2024-07-01 09:50:00,M02,0.748,0.582,64.19,12.7,0.126,-0.045,0.04,0,9,2024-07-01,Monday,64.60799999999999,0.7874,12.25,Normal,1,Normal
2024-07-01 09:51:00,M02,0.777,0.639,66.19,12.58,0.084,-0.089,0.04,0,9,2024-07-01,Monday,64.28,0.7942,12.28,Normal,1,Normal
2024-07-01 09:52:00,M02,0.878,0.59,67.91,12.22,0.254,0.108,0.039,0,9,2024-07-01,Monday,64.85,0.8086,12.313999999999998,Normal,1,Normal
2024-07-01 09:53:00,M02,0.803,0.57,62.7,12.25,0.231,-0.046,0.039,0,9,2024-07-01,Monday,64.716,0.7922,12.338,Normal,1,Normal
2024-07-01 09:54:00,M02,0.796,0.529,62.44,12.71,0.173,0.007,0.038,0,9,2024-07-01,Monday,64.686,0.8004,12.492,Normal,1,Normal
2024-07-01 09:55:00,M02,0.858,0.633,65.86,11.17,0.116,-0.091,0.037,0,9,2024-07-01,Monday,65.02000000000001,0.8224,12.186,Normal,1,Normal
2024-07-01 09:56:00,M02,0.744,0.519,65.38,11.67,0.108,0.02,0.037,0,9,2024-07-01,Monday,64.85799999999999,0.8158,12.004,Normal,1,Normal
2024-07-01 09:57:00,M02,1.25,0.992,76.84,14.21,0.322,0.11,0.036,1,9,2024-07-01,Monday,66.644,0.8902000000000001,12.402,Fault,-1,Fault
2024-07-01 09:58:00,M02,0.788,0.651,61.91,11.98,0.204,0.019,0.035,0,9,2024-07-01,Monday,66.486,0.8872,12.348000000000004,Normal,1,Normal
2024-07-01 09:59:00,M02,0.726,0.519,60.39,12.22,0.103,-0.098,0.035,0,9,2024-07-01,Monday,66.076,0.8732,12.25,Normal,1,Normal
2024-07-01 10:00:00,M02,1.239,0.799,76.95,15.08,0.125,-0.009,0.034,1,10,2024-07-01,Monday,68.29400000000001,0.9494,13.032,Fault,1,Normal
2024-07-01 10:01:00,M02,0.691,0.527,61.79,12.16,0.089,0.105,0.033,0,10,2024-07-01,Monday,67.576,0.9388000000000002,13.13,Normal,1,Normal
2024-07-01 10:02:00,M02,0.805,0.669,60.47,11.93,0.163,-0.002,0.032,0,10,2024-07-01,Monday,64.30199999999999,0.8498000000000001,12.674,Normal,1,Normal
2024-07-01 10:03:00,M02,0.78,0.629,67.96,12.26,0.129,-0.044,0.032,0,10,2024-07-01,Monday,65.512,0.8482,12.73,Normal,1,Normal
2024-07-01 10:04:00,M02,0.891,0.623,63.82,12.22,0.109,-0.116,0.031,0,10,2024-07-01,Monday,66.19800000000001,0.8812,12.73,Normal,1,Normal
2024-07-01 10:05:00,M02,0.8,0.681,64.71,12.42,0.097,-0.003,0.03,0,10,2024-07-01,Monday,63.75,0.7934,12.198,Normal,1,Normal
2024-07-01 10:06:00,M02,0.793,0.57,62.83,12.43,0.119,0.04,0.029,0,10,2024-07-01,Monday,63.95799999999999,0.8138,12.252,Normal,1,Normal
2024-07-01 10:07:00,M02,0.835,0.665,64.57,12.08,0.128,0.002,0.028,0,10,2024-07-01,Monday,64.77799999999999,0.8198000000000001,12.282,Normal,1,Normal
2024-07-01 10:08:00,M02,1.277,0.845,77.28,14.76,0.134,-0.075,0.027,1,10,2024-07-01,Monday,66.642,0.9192,12.782,Fault,-1,Fault
2024-07-01 10:09:00,M02,0.789,0.644,64.3,12.33,0.138,0.114,0.027,0,10,2024-07-01,Monday,66.738,0.8987999999999999,12.803999999999998,Normal,1,Normal
2024-07-01 10:10:00,M02,0.787,0.57,65.72,11.84,0.101,0.053,0.026,0,10,2024-07-01,Monday,66.94000000000001,0.8962,12.688,Normal,1,Normal
2024-07-01 10:11:00,M02,0.809,0.662,68.88,11.61,0.084,-0.039,0.025,0,10,2024-07-01,Monday,68.15,0.8994,12.524,Normal,1,Normal
2024-07-01 10:12:00,M02,0.778,0.584,65.9,11.97,0.212,0.092,0.024,0,10,2024-07-01,Monday,68.416,0.8879999999999999,12.502,Normal,1,Normal
2024-07-01 10:13:00,M02,0.712,0.577,64.31,11.58,0.182,-0.006,0.023,0,10,2024-07-01,Monday,65.822,0.775,11.866,Normal,1,Normal
2024-07-01 10:14:00,M02,0.859,0.713,63.22,11.47,0.097,-0.128,0.022,0,10,2024-07-01,Monday,65.606,0.7889999999999999,11.694,Normal,1,Normal
2024-07-01 10:15:00,M02,0.744,0.561,62.45,11.27,0.167,0.064,0.021,0,10,2024-07-01,Monday,64.952,0.7804,11.58,Normal,1,Normal
2024-07-01 10:16:00,M02,0.721,0.568,66.09,10.91,0.091,0.054,0.02,0,10,2024-07-01,Monday,64.394,0.7628,11.44,Normal,1,Normal
2024-07-01 10:17:00,M02,0.765,0.51,64.15,11.8,0.202,0.096,0.02,0,10,2024-07-01,Monday,64.04400000000001,0.7602,11.406,Normal,1,Normal
2024-07-01 10:18:00,M02,0.786,0.588,64.13,11.79,0.191,0.025,0.019,0,10,2024-07-01,Monday,64.00800000000001,0.775,11.448,Normal,1,Normal
2024-07-01 10:19:00,M02,0.706,0.657,66.74,12.48,0.205,-0.067,0.018,0,10,2024-07-01,Monday,64.71200000000002,0.7444,11.65,Normal,1,Normal
2024-07-01 10:20:00,M02,0.768,0.555,63.93,11.95,0.137,0.027,0.017,0,10,2024-07-01,Monday,65.008,0.7492,11.786,Normal,1,Normal
2024-07-01 10:21:00,M02,0.831,0.623,67.51,11.96,0.244,-0.092,0.016,0,10,2024-07-01,Monday,65.292,0.7712000000000001,11.996,Normal,1,Normal
2024-07-01 10:22:00,M02,0.844,0.531,64.68,11.73,0.231,0.019,0.015,0,10,2024-07-01,Monday,65.398,0.787,11.982,Normal,1,Normal
2024-07-01 10:23:00,M02,1.308,0.77,72.25,15.06,0.313,0.087,0.014,1,10,2024-07-01,Monday,67.022,0.8914,12.636,Fault,-1,Fault
2024-07-01 10:24:00,M02,0.814,0.643,67.42,12.37,0.125,-0.025,0.013,0,10,2024-07-01,Monday,67.15799999999999,0.913,12.614,Normal,1,Normal
2024-07-01 10:25:00,M02,0.827,0.582,62.13,12.39,0.141,0.049,0.012,0,10,2024-07-01,Monday,66.798,0.9248,12.702000000000002,Normal,1,Normal
2024-07-01 10:26:00,M02,0.812,0.628,64.66,10.29,0.104,-0.077,0.011,0,10,2024-07-01,Monday,66.22800000000001,0.921,12.368,Normal,1,Normal
2024-07-01 10:27:00,M02,0.879,0.593,66.04,12.68,0.133,-0.114,0.01,0,10,2024-07-01,Monday,66.50000000000001,0.928,12.558,Normal,1,Normal
2024-07-01 10:28:00,M02,0.814,0.634,64.93,11.45,0.135,0.039,0.009,0,10,2024-07-01,Monday,65.036,0.8291999999999999,11.836,Normal,1,Normal
2024-07-01 10:29:00,M02,0.803,0.622,64.54,10.85,0.235,0.052,0.008,0,10,2024-07-01,Monday,64.46000000000001,0.827,11.532,Normal,1,Normal
2024-07-01 10:30:00,M02,0.733,0.656,63.58,11.97,0.079,0.046,0.007,0,10,2024-07-01,Monday,64.75000000000001,0.8082,11.448,Normal,1,Normal
2024-07-01 10:31:00,M02,1.329,0.953,75.52,14.53,0.393,-0.106,0.006,1,10,2024-07-01,Monday,66.922,0.9116,12.296,Fault,-1,Fault
2024-07-01 10:32:00,M02,0.837,0.613,64.48,12.03,0.148,0.095,0.005,0,10,2024-07-01,Monday,66.61,0.9032,12.166,Normal,1,Normal
2024-07-01 10:33:00,M02,0.849,0.561,66.14,12.3,0.197,0.089,0.004,0,10,2024-07-01,Monday,66.852,0.9102,12.336,Normal,1,Normal
2024-07-01 10:34:00,M02,0.837,0.535,66.87,12.01,0.201,-0.035,0.003,0,10,2024-07-01,Monday,67.31800000000001,0.917,12.568,Normal,1,Normal
2024-07-01 10:35:00,M02,0.772,0.563,63.03,12.04,0.131,0.016,0.002,0,10,2024-07-01,Monday,67.208,0.9248,12.582,Normal,1,Normal
2024-07-01 10:36:00,M02,0.796,0.691,65.67,11.91,0.209,0.13,0.001,0,10,2024-07-01,Monday,65.238,0.8182,12.058,Normal,1,Normal
2024-07-01 10:37:00,M02,0.818,0.645,65.81,11.77,0.223,-0.017,0.0,0,10,2024-07-01,Monday,65.50399999999999,0.8144,12.006,Normal,1,Normal
2024-07-01 10:38:00,M02,0.813,0.561,61.07,11.79,0.126,0.084,-0.001,0,10,2024-07-01,Monday,64.49,0.8071999999999999,11.904,Normal,1,Normal
2024-07-01 10:39:00,M02,0.807,0.572,63.58,12.8,0.15,-0.108,-0.002,0,10,2024-07-01,Monday,63.83200000000001,0.8012,12.062,Normal,1,Normal
2024-07-01 10:40:00,M02,0.867,0.601,62.69,10.95,0.227,-0.019,-0.003,0,10,2024-07-01,Monday,63.764,0.8202,11.844,Normal,1,Normal
2024-07-01 10:41:00,M02,0.79,0.574,66.68,11.79,0.227,-0.006,-0.004,0,10,2024-07-01,Monday,63.96600000000001,0.819,11.82,Normal,1,Normal
2024-07-01 10:42:00,M02,0.799,0.596,65.4,12.09,0.132,-0.077,-0.005,0,10,2024-07-01,Monday,63.884,0.8152000000000001,11.884,Normal,1,Normal
2024-07-01 10:43:00,M02,0.824,0.645,58.7,11.61,0.143,-0.081,-0.006,0,10,2024-07-01,Monday,63.41,0.8173999999999999,11.848,Normal,1,Normal
2024-07-01 10:44:00,M02,0.881,0.62,66.27,12.11,0.145,-0.07,-0.007,0,10,2024-07-01,Monday,63.948,0.8321999999999999,11.71,Normal,1,Normal
2024-07-01 10:45:00,M02,1.131,0.871,77.97,14.81,0.138,0.148,-0.008,1,10,2024-07-01,Monday,67.00399999999999,0.885,12.482,Fault,-1,Fault
2024-07-01 10:46:00,M02,0.796,0.617,65.86,11.18,0.158,-0.096,-0.009,0,10,2024-07-01,Monday,66.84,0.8862,12.36,Normal,1,Normal
2024-07-01 10:47:00,M02,0.812,0.598,63.27,11.88,0.122,0.084,-0.01,0,10,2024-07-01,Monday,66.414,0.8888,12.318,Normal,1,Normal
2024-07-01 10:48:00,M02,0.806,0.692,64.48,12.49,0.229,0.022,-0.011,0,10,2024-07-01,Monday,67.57000000000001,0.8852,12.494,Normal,1,Normal
2024-07-01 10:49:00,M02,0.879,0.575,64.05,12.97,0.095,-0.072,-0.012,0,10,2024-07-01,Monday,67.126,0.8848,12.666,Normal,1,Normal
2024-07-01 10:50:00,M02,0.766,0.669,66.69,11.99,0.185,0.081,-0.013,0,10,2024-07-01,Monday,64.86999999999999,0.8118000000000001,12.102,Normal,1,Normal
2024-07-01 10:51:00,M02,0.847,0.582,60.25,12.48,0.115,-0.011,-0.014,0,10,2024-07-01,Monday,63.748000000000005,0.8220000000000001,12.362,Normal,1,Normal
2024-07-01 10:52:00,M02,0.871,0.629,67.44,11.65,0.155,-0.035,-0.015,0,10,2024-07-01,Monday,64.58200000000001,0.8337999999999999,12.316,Normal,1,Normal
2024-07-01 10:53:00,M02,1.375,0.949,83.9,14.93,0.238,0.154,-0.016,1,10,2024-07-01,Monday,68.466,0.9476,12.804000000000002,Fault,-1,Fault
2024-07-01 10:54:00,M02,0.754,0.632,62.75,11.81,0.153,-0.023,-0.017,0,10,2024-07-01,Monday,68.20599999999999,0.9226,12.572,Normal,1,Normal
2024-07-01 10:55:00,M02,1.214,0.78,79.46,14.91,0.32,0.029,-0.018,1,10,2024-07-01,Monday,70.75999999999999,1.0122,13.156,Fault,-1,Fault
2024-07-01 10:56:00,M02,0.749,0.597,63.69,12.1,0.182,0.016,-0.018,0,10,2024-07-01,Monday,71.44800000000001,0.9926,13.080000000000002,Normal,1,Normal
2024-07-01 10:57:00,M02,0.777,0.673,66.05,11.79,0.207,-0.004,-0.019,0,10,2024-07-01,Monday,71.16999999999999,0.9738,13.108,Normal,1,Normal
2024-07-01 10:58:00,M02,0.809,0.579,65.53,12.26,0.233,-0.019,-0.02,0,10,2024-07-01,Monday,67.49600000000001,0.8606,12.574,Normal,1,Normal
2024-07-01 10:59:00,M02,0.808,0.57,65.17,12.13,0.22,0.098,-0.021,0,10,2024-07-01,Monday,67.97999999999999,0.8714000000000001,12.638,Normal,1,Normal
2024-07-01 11:00:00,M02,0.736,0.594,60.85,12.19,0.078,0.005,-0.022,0,11,2024-07-01,Monday,64.258,0.7758,12.094,Normal,1,Normal
2024-07-01 11:01:00,M02,0.891,0.576,62.73,12.29,0.119,-0.007,-0.023,0,11,2024-07-01,Monday,64.066,0.8042,12.132,Normal,1,Normal
2024-07-01 11:02:00,M02,0.791,0.615,63.52,12.02,0.225,0.101,-0.024,0,11,2024-07-01,Monday,63.56,0.807,12.178,Normal,1,Normal
2024-07-01 11:03:00,M02,0.833,0.542,65.11,13.08,0.19,-0.052,-0.025,0,11,2024-07-01,Monday,63.476,0.8118000000000001,12.342,Normal,1,Normal
2024-07-01 11:04:00,M02,0.812,0.58,67.07,11.0,0.22,-0.01,-0.026,0,11,2024-07-01,Monday,63.856,0.8126000000000001,12.116,Normal,1,Normal
2024-07-01 11:05:00,M02,0.891,0.567,64.71,12.07,0.152,0.038,-0.026,0,11,2024-07-01,Monday,64.628,0.8436,12.092,Normal,1,Normal
2024-07-01 11:06:00,M02,0.76,0.663,65.84,12.2,0.216,-0.046,-0.027,0,11,2024-07-01,Monday,65.25,0.8173999999999999,12.074000000000002,Normal,1,Normal
2024-07-01 11:07:00,M02,0.776,0.616,64.1,11.43,0.111,0.09,-0.028,0,11,2024-07-01,Monday,65.366,0.8144,11.956,Normal,1,Normal
2024-07-01 11:08:00,M02,0.791,0.543,65.73,12.4,0.128,0.061,-0.029,0,11,2024-07-01,Monday,65.49000000000001,0.806,11.82,Normal,1,Normal
2024-07-01 11:09:00,M02,0.833,0.505,65.01,11.83,0.13,0.03,-0.03,0,11,2024-07-01,Monday,65.078,0.8102,11.986,Normal,1,Normal
2024-07-01 11:10:00,M02,0.826,0.554,64.15,12.21,0.218,-0.07,-0.031,0,11,2024-07-01,Monday,64.966,0.7971999999999999,12.014,Normal,1,Normal
2024-07-01 11:11:00,M02,0.823,0.643,68.88,12.09,0.092,-0.112,-0.031,0,11,2024-07-01,Monday,65.574,0.8098000000000001,11.992,Normal,1,Normal
2024-07-01 11:12:00,M02,0.798,0.489,65.51,12.56,0.219,-0.014,-0.032,0,11,2024-07-01,Monday,65.856,0.8141999999999999,12.218,Normal,1,Normal
2024-07-01 11:13:00,M02,0.796,0.648,66.1,12.45,0.098,0.06,-0.033,0,11,2024-07-01,Monday,65.92999999999999,0.8152000000000001,12.228,Normal,1,Normal
2024-07-01 11:14:00,M02,0.818,0.505,63.07,12.1,0.199,0.075,-0.034,0,11,2024-07-01,Monday,65.542,0.8122,12.282,Normal,1,Normal
2024-07-01 11:15:00,M02,0.786,0.633,67.26,12.0,0.132,-0.082,-0.034,0,11,2024-07-01,Monday,66.16400000000002,0.8042,12.24,Normal,1,Normal
2024-07-01 11:16:00,M02,0.804,0.564,67.68,11.34,0.19,0.021,-0.035,0,11,2024-07-01,Monday,65.924,0.8004,12.09,Normal,1,Normal
2024-07-01 11:17:00,M02,0.704,0.585,65.34,11.96,0.144,0.071,-0.036,0,11,2024-07-01,Monday,65.89000000000001,0.7816,11.97,Normal,1,Normal
2024-07-01 11:18:00,M02,0.724,0.606,66.16,11.99,0.213,0.039,-0.037,0,11,2024-07-01,Monday,65.902,0.7672,11.878,Normal,1,Normal
2024-07-01 11:19:00,M02,0.733,0.507,65.42,11.61,0.131,-0.054,-0.037,0,11,2024-07-01,Monday,66.372,0.7502,11.78,Normal,1,Normal
2024-07-01 11:20:00,M02,0.779,0.565,69.5,11.19,0.098,0.068,-0.038,0,11,2024-07-01,Monday,66.82000000000001,0.7487999999999999,11.618,Normal,1,Normal
2024-07-01 11:21:00,M02,0.815,0.542,68.63,11.19,0.204,-0.102,-0.038,0,11,2024-07-01,Monday,67.00999999999999,0.751,11.588,Normal,1,Normal
2024-07-01 11:22:00,M02,0.769,0.608,65.47,12.27,0.201,0.022,-0.039,0,11,2024-07-01,Monday,67.036,0.764,11.65,Normal,1,Normal
2024-07-01 11:23:00,M02,0.759,0.669,64.53,12.34,0.076,0.029,-0.04,0,11,2024-07-01,Monday,66.71,0.771,11.72,Normal,1,Normal
2024-07-01 11:24:00,M02,0.743,0.695,64.64,12.45,0.075,-0.006,-0.04,0,11,2024-07-01,Monday,66.554,0.773,11.888,Normal,1,Normal
2024-07-01 11:25:00,M02,0.831,0.591,64.78,12.21,0.193,0.042,-0.041,0,11,2024-07-01,Monday,65.61,0.7834,12.092,Normal,1,Normal
2024-07-01 11:26:00,M02,0.78,0.603,63.53,12.27,0.199,0.018,-0.041,0,11,2024-07-01,Monday,64.59,0.7764,12.308,Normal,1,Normal
2024-07-01 11:27:00,M02,0.761,0.61,63.74,11.54,0.111,0.059,-0.042,0,11,2024-07-01,Monday,64.244,0.7748,12.162,Normal,1,Normal
2024-07-01 11:28:00,M02,0.77,0.683,62.45,11.51,0.196,0.103,-0.043,0,11,2024-07-01,Monday,63.82800000000001,0.777,11.996,Normal,1,Normal
2024-07-01 11:29:00,M02,0.752,0.646,59.83,12.93,0.116,-0.098,-0.043,0,11,2024-07-01,Monday,62.866,0.7788,12.092,Normal,1,Normal
2024-07-01 11:30:00,M02,1.147,0.899,79.22,15.79,0.138,0.177,-0.044,1,11,2024-07-01,Monday,65.75399999999999,0.842,12.807999999999998,Fault,-1,Fault
2024-07-01 11:31:00,M02,0.863,0.619,63.02,10.7,0.231,-0.113,-0.044,0,11,2024-07-01,Monday,65.65200000000002,0.8586,12.494,Normal,1,Normal
2024-07-01 11:32:00,M02,0.772,0.63,67.71,11.77,0.156,0.108,-0.045,0,11,2024-07-01,Monday,66.446,0.8608,12.54,Normal,1,Normal
2024-07-01 11:33:00,M02,0.781,0.567,62.63,12.01,0.172,0.072,-0.045,0,11,2024-07-01,Monday,66.482,0.8630000000000001,12.64,Normal,1,Normal
2024-07-01 11:34:00,M02,0.799,0.571,65.65,11.15,0.142,-0.027,-0.045,0,11,2024-07-01,Monday,67.646,0.8724000000000001,12.284,Normal,1,Normal
2024-07-01 11:35:00,M02,0.725,0.572,63.33,11.97,0.16,0.014,-0.046,0,11,2024-07-01,Monday,64.46799999999999,0.788,11.52,Normal,1,Normal
2024-07-01 11:36:00,M02,0.841,0.595,61.36,12.27,0.21,-0.013,-0.046,0,11,2024-07-01,Monday,64.136,0.7836000000000001,11.834,Normal,1,Normal
2024-07-01 11:37:00,M02,0.814,0.587,68.93,11.61,0.221,0.011,-0.047,0,11,2024-07-01,Monday,64.38,0.792,11.802,Normal,1,Normal
2024-07-01 11:38:00,M02,0.801,0.593,66.96,12.38,0.182,-0.093,-0.047,0,11,2024-07-01,Monday,65.24600000000001,0.796,11.876,Normal,1,Normal
2024-07-01 11:39:00,M02,0.784,0.501,68.85,12.31,0.167,0.007,-0.047,0,11,2024-07-01,Monday,65.886,0.793,12.108,Normal,1,Normal
2024-07-01 11:40:00,M02,0.81,0.446,61.96,12.25,0.133,0.019,-0.048,0,11,2024-07-01,Monday,65.612,0.8099999999999999,12.164,Normal,1,Normal
2024-07-01 11:41:00,M02,0.813,0.628,61.66,11.87,0.21,-0.04,-0.048,0,11,2024-07-01,Monday,65.672,0.8044,12.084,Normal,1,Normal
2024-07-01 11:42:00,M02,0.766,0.649,67.43,12.3,0.148,-0.12,-0.048,0,11,2024-07-01,Monday,65.37199999999999,0.7948,12.222,Normal,1,Normal
2024-07-01 11:43:00,M02,0.784,0.579,64.5,11.92,0.233,-0.07,-0.048,0,11,2024-07-01,Monday,64.88,0.7914000000000001,12.13,Normal,1,Normal
2024-07-01 11:44:00,M02,0.865,0.598,65.09,12.51,0.227,-0.082,-0.049,0,11,2024-07-01,Monday,64.128,0.8076000000000001,12.17,Normal,1,Normal
2024-07-01 11:45:00,M02,1.253,0.856,83.73,14.05,0.143,0.133,-0.049,1,11,2024-07-01,Monday,68.482,0.8962,12.53,Fault,-1,Fault
2024-07-01 11:46:00,M02,0.867,0.59,65.23,11.18,0.257,0.004,-0.049,0,11,2024-07-01,Monday,69.196,0.907,12.392,Normal,1,Normal
2024-07-01 11:47:00,M02,0.719,0.56,63.25,11.72,0.111,-0.001,-0.049,0,11,2024-07-01,Monday,68.36,0.8976000000000001,12.276,Normal,1,Normal
2024-07-01 11:48:00,M02,1.128,0.941,79.29,16.14,0.218,-0.001,-0.049,1,11,2024-07-01,Monday,71.31800000000001,0.9664,13.12,Fault,-1,Fault
2024-07-01 11:49:00,M02,0.852,0.658,61.06,12.79,0.194,-0.109,-0.05,0,11,2024-07-01,Monday,70.512,0.9638,13.175999999999998,Normal,1,Normal
2024-07-01 11:50:00,M02,1.279,0.845,76.71,14.21,0.223,0.018,-0.05,1,11,2024-07-01,Monday,69.108,0.969,13.208000000000002,Fault,-1,Fault
2024-07-01 11:51:00,M02,1.185,0.832,79.9,15.11,0.225,-0.047,-0.05,1,11,2024-07-01,Monday,72.042,1.0326,13.994,Fault,-1,Fault
2024-07-01 11:52:00,M02,0.77,0.558,62.93,11.75,0.225,-0.053,-0.05,0,11,2024-07-01,Monday,71.978,1.0428,14.0,Normal,1,Normal
2024-07-01 11:53:00,M02,0.7,0.562,65.68,11.82,0.149,-0.04,-0.05,0,11,2024-07-01,Monday,69.256,0.9572,13.136,Normal,1,Normal
2024-07-01 11:54:00,M02,0.757,0.668,66.53,11.21,0.203,0.053,-0.05,0,11,2024-07-01,Monday,70.35,0.9382,12.82,Normal,1,Normal
2024-07-01 11:55:00,M02,0.8,0.661,61.31,11.7,0.238,0.055,-0.05,0,11,2024-07-01,Monday,67.27000000000001,0.8423999999999999,12.318,Normal,1,Normal
2024-07-01 11:56:00,M02,0.893,0.641,65.92,12.13,0.161,-0.029,-0.05,0,11,2024-07-01,Monday,64.47400000000002,0.784,11.722,Normal,1,Normal
2024-07-01 11:57:00,M02,0.825,0.595,64.12,12.13,0.227,-0.024,-0.05,0,11,2024-07-01,Monday,64.71200000000002,0.795,11.798,Normal,1,Normal
2024-07-01 11:58:00,M02,0.808,0.641,65.46,12.41,0.24,0.091,-0.05,0,11,2024-07-01,Monday,64.66799999999999,0.8166,11.916,Normal,1,Normal
2024-07-01 11:59:00,M02,0.772,0.666,62.98,12.44,0.193,0.05,-0.05,0,11,2024-07-01,Monday,63.958000000000006,0.8196,12.162,Normal,1,Normal
2024-07-01 12:00:00,M02,0.775,0.664,65.59,12.49,0.192,0.032,-0.05,0,12,2024-07-01,Monday,64.814,0.8146000000000001,12.32,Normal,1,Normal
2024-07-01 12:01:00,M02,0.778,0.557,66.24,12.21,0.184,0.083,-0.05,0,12,2024-07-01,Monday,64.878,0.7916000000000001,12.336000000000002,Normal,1,Normal
2024-07-01 12:02:00,M02,0.848,0.605,61.57,12.45,0.116,0.036,-0.05,0,12,2024-07-01,Monday,64.368,0.7962,12.4,Normal,1,Normal
2024-07-01 12:03:00,M02,0.696,0.54,60.71,11.43,0.084,-0.051,-0.049,0,12,2024-07-01,Monday,63.41799999999999,0.7738,12.204,Normal,1,Normal
2024-07-01 12:04:00,M02,0.776,0.627,60.86,11.36,0.206,-0.058,-0.049,0,12,2024-07-01,Monday,62.99400000000001,0.7746,11.988,Normal,1,Normal
2024-07-01 12:05:00,M02,1.113,0.98,78.68,13.57,0.286,-0.055,-0.049,1,12,2024-07-01,Monday,65.612,0.8422000000000001,12.204,Fault,-1,Fault
2024-07-01 12:06:00,M02,0.854,0.554,64.27,12.56,0.189,0.083,-0.049,0,12,2024-07-01,Monday,65.21799999999999,0.8573999999999999,12.274,Normal,1,Normal
2024-07-01 12:07:00,M02,1.07,0.829,78.67,14.81,0.127,-0.147,-0.049,1,12,2024-07-01,Monday,68.638,0.9018,12.746,Fault,-1,Fault
2024-07-01 12:08:00,M02,0.843,0.516,68.88,11.13,0.182,0.027,-0.048,0,12,2024-07-01,Monday,70.272,0.9312,12.686,Normal,1,Normal
2024-07-01 12:09:00,M02,0.866,0.633,61.73,11.44,0.207,0.05,-0.048,0,12,2024-07-01,Monday,70.446,0.9492,12.702000000000002,Normal,1,Normal
2024-07-01 12:10:00,M02,0.732,0.574,66.84,11.48,0.205,-0.026,-0.048,0,12,2024-07-01,Monday,68.078,0.873,12.284,Normal,1,Normal
2024-07-01 12:11:00,M02,1.124,0.954,77.99,14.97,0.148,0.181,-0.048,1,12,2024-07-01,Monday,70.822,0.927,12.766,Fault,-1,Fault
2024-07-01 12:12:00,M02,0.792,0.659,65.72,12.51,0.216,-0.038,-0.047,0,12,2024-07-01,Monday,68.232,0.8714000000000001,12.306,Normal,1,Normal
2024-07-01 12:13:00,M02,0.846,0.611,66.47,13.2,0.088,0.064,-0.047,0,12,2024-07-01,Monday,67.75,0.8720000000000001,12.72,Normal,1,Normal
2024-07-01 12:14:00,M02,0.785,0.601,69.54,12.21,0.095,-0.032,-0.047,0,12,2024-07-01,Monday,69.31199999999998,0.8558,12.874,Normal,1,Normal
2024-07-01 12:15:00,M02,0.819,0.553,67.34,11.5,0.133,-0.028,-0.046,0,12,2024-07-01,Monday,69.412,0.8732,12.878,Normal,1,Normal
2024-07-01 12:16:00,M02,0.78,0.768,66.52,11.81,0.173,-0.055,-0.046,0,12,2024-07-01,Monday,67.118,0.8044,12.246,Normal,1,Normal
2024-07-01 12:17:00,M02,0.748,0.576,66.01,12.5,0.168,0.016,-0.045,0,12,2024-07-01,Monday,67.176,0.7956000000000001,12.244,Normal,1,Normal
2024-07-01 12:18:00,M02,1.211,0.924,76.14,16.59,0.166,0.031,-0.045,1,12,2024-07-01,Monday,69.11,0.8686,12.922,Fault,-1,Fault
2024-07-01 12:19:00,M02,0.704,0.622,62.0,12.35,0.113,0.071,-0.045,0,12,2024-07-01,Monday,67.602,0.8524,12.95,Normal,1,Normal
2024-07-01 12:20:00,M02,0.78,0.65,63.08,11.68,0.156,0.04,-0.044,0,12,2024-07-01,Monday,66.75,0.8446,12.986,Normal,1,Normal
2024-07-01 12:21:00,M02,0.794,0.72,65.3,12.53,0.086,-0.076,-0.044,0,12,2024-07-01,Monday,66.506,0.8474,13.13,Normal,1,Normal
2024-07-01 12:22:00,M02,0.782,0.56,61.95,11.6,0.144,0.016,-0.043,0,12,2024-07-01,Monday,65.69399999999999,0.8542,12.95,Normal,1,Normal
2024-07-01 12:23:00,M02,0.82,0.657,64.47,11.73,0.145,-0.076,-0.043,0,12,2024-07-01,Monday,63.35999999999999,0.776,11.978,Normal,1,Normal
2024-07-01 12:24:00,M02,0.776,0.602,65.51,11.87,0.223,0.031,-0.042,0,12,2024-07-01,Monday,64.062,0.7904,11.882,Normal,1,Normal
2024-07-01 12:25:00,M02,1.181,0.819,74.11,14.08,0.337,0.077,-0.042,1,12,2024-07-01,Monday,66.268,0.8705999999999999,12.361999999999998,Fault,-1,Fault
2024-07-01 12:26:00,M02,0.82,0.517,67.13,11.82,0.244,-0.056,-0.041,0,12,2024-07-01,Monday,66.63399999999999,0.8758000000000001,12.22,Normal,1,Normal
2024-07-01 12:27:00,M02,0.85,0.592,64.79,12.43,0.113,0.009,-0.04,0,12,2024-07-01,Monday,67.202,0.8894,12.386,Normal,1,Normal
2024-07-01 12:28:00,M02,0.797,0.594,65.71,11.5,0.202,0.038,-0.04,0,12,2024-07-01,Monday,67.45,0.8847999999999999,12.34,Normal,1,Normal
2024-07-01 12:29:00,M02,0.879,0.659,62.73,12.32,0.1,0.031,-0.039,0,12,2024-07-01,Monday,66.89399999999999,0.9054,12.43,Normal,1,Normal
2024-07-01 12:30:00,M02,0.824,0.674,64.37,11.08,0.138,0.114,-0.039,0,12,2024-07-01,Monday,64.946,0.834,11.830000000000002,Normal,1,Normal
2024-07-01 12:31:00,M02,0.77,0.611,63.22,12.45,0.179,0.08,-0.038,0,12,2024-07-01,Monday,64.16400000000002,0.8240000000000001,11.956,Normal,1,Normal
2024-07-01 12:32:00,M02,0.77,0.587,64.78,12.34,0.146,-0.099,-0.037,0,12,2024-07-01,Monday,64.162,0.808,11.938,Normal,1,Normal
2024-07-01 12:33:00,M02,0.87,0.565,63.49,12.2,0.138,-0.089,-0.037,0,12,2024-07-01,Monday,63.718,0.8225999999999999,12.078,Normal,1,Normal
2024-07-01 12:34:00,M02,0.724,0.572,64.19,12.57,0.148,-0.008,-0.036,0,12,2024-07-01,Monday,64.01,0.7916,12.128,Normal,1,Normal
2024-07-01 12:35:00,M02,0.793,0.544,62.19,12.68,0.166,0.051,-0.035,0,12,2024-07-01,Monday,63.574,0.7854,12.448,Normal,1,Normal
2024-07-01 12:36:00,M02,0.717,0.663,65.61,12.23,0.214,0.05,-0.035,0,12,2024-07-01,Monday,64.05199999999999,0.7748,12.404,Normal,1,Normal
2024-07-01 12:37:00,M02,0.8,0.547,67.54,11.23,0.12,-0.069,-0.034,0,12,2024-07-01,Monday,64.604,0.7807999999999999,12.182,Normal,1,Normal
2024-07-01 12:38:00,M02,0.833,0.556,63.07,11.99,0.107,0.095,-0.033,0,12,2024-07-01,Monday,64.52000000000001,0.7734,12.14,Normal,1,Normal
2024-07-01 12:39:00,M02,0.807,0.549,61.6,12.04,0.224,0.051,-0.032,0,12,2024-07-01,Monday,64.002,0.79,12.034,Normal,1,Normal
2024-07-01 12:40:00,M02,0.785,0.666,65.59,11.97,0.154,0.095,-0.032,0,12,2024-07-01,Monday,64.682,0.7884,11.892,Normal,1,Normal
2024-07-01 12:41:00,M02,1.211,0.839,78.89,16.48,0.19,-0.157,-0.031,1,12,2024-07-01,Monday,67.338,0.8872,12.742,Fault,-1,Fault
2024-07-01 12:42:00,M02,0.865,0.697,62.85,11.6,0.134,-0.048,-0.03,0,12,2024-07-01,Monday,66.4,0.9002000000000001,12.816,Normal,1,Normal
2024-07-01 12:43:00,M02,0.823,0.522,67.09,11.8,0.193,-0.006,-0.029,0,12,2024-07-01,Monday,67.204,0.8981999999999999,12.778,Normal,1,Normal
2024-07-01 12:44:00,M02,0.834,0.631,65.98,11.49,0.133,0.028,-0.028,0,12,2024-07-01,Monday,68.08000000000001,0.9036,12.668,Normal,1,Normal
2024-07-01 12:45:00,M02,0.753,0.676,63.38,11.65,0.101,0.078,-0.028,0,12,2024-07-01,Monday,67.638,0.8972,12.604,Normal,1,Normal
2024-07-01 12:46:00,M02,0.843,0.622,65.26,11.57,0.143,0.027,-0.027,0,12,2024-07-01,Monday,64.912,0.8236000000000001,11.622000000000002,Normal,1,Normal
2024-07-01 12:47:00,M02,0.808,0.464,67.21,11.94,0.193,0.003,-0.026,0,12,2024-07-01,Monday,65.78399999999999,0.8122,11.69,Normal,1,Normal
2024-07-01 12:48:00,M02,0.808,0.602,61.78,12.24,0.12,-0.113,-0.025,0,12,2024-07-01,Monday,64.72200000000001,0.8092,11.778,Normal,1,Normal
2024-07-01 12:49:00,M02,0.788,0.607,59.56,11.3,0.179,0.117,-0.024,0,12,2024-07-01,Monday,63.438,0.8,11.74,Normal,1,Normal
2024-07-01 12:50:00,M02,0.8,0.466,63.28,11.46,0.225,0.047,-0.023,0,12,2024-07-01,Monday,63.41799999999999,0.8094000000000001,11.702,Normal,1,Normal
2024-07-01 12:51:00,M02,0.805,0.635,68.19,11.76,0.18,-0.03,-0.022,0,12,2024-07-01,Monday,64.00399999999999,0.8018000000000001,11.74,Normal,1,Normal
2024-07-01 12:52:00,M02,0.645,0.63,64.82,11.72,0.074,-0.085,-0.021,0,12,2024-07-01,Monday,63.526,0.7692000000000001,11.696000000000002,Normal,1,Normal
2024-07-01 12:53:00,M02,0.845,0.613,66.17,11.75,0.186,0.026,-0.021,0,12,2024-07-01,Monday,64.404,0.7766,11.598,Normal,1,Normal
2024-07-01 12:54:00,M02,0.736,0.55,68.47,13.12,0.122,0.097,-0.02,0,12,2024-07-01,Monday,66.18599999999999,0.7662,11.962,Normal,1,Normal
2024-07-01 12:55:00,M02,0.772,0.594,65.59,10.9,0.126,-0.063,-0.019,0,12,2024-07-01,Monday,66.648,0.7605999999999999,11.85,Normal,1,Normal
2024-07-01 12:56:00,M02,0.831,0.722,65.09,12.44,0.126,-0.05,-0.018,0,12,2024-07-01,Monday,66.02799999999999,0.7657999999999999,11.986,Normal,1,Normal
2024-07-01 12:57:00,M02,0.787,0.636,63.6,12.92,0.182,0.068,-0.017,0,12,2024-07-01,Monday,65.784,0.7942,12.226,Normal,1,Normal
2024-07-01 12:58:00,M02,0.81,0.526,66.25,11.52,0.22,0.074,-0.016,0,12,2024-07-01,Monday,65.8,0.7872,12.18,Normal,1,Normal
2024-07-01 12:59:00,M02,0.689,0.591,62.08,11.38,0.196,0.108,-0.015,0,12,2024-07-01,Monday,64.52199999999999,0.7777999999999999,11.832,Normal,1,Normal
2024-07-01 13:00:00,M02,1.29,0.853,77.78,14.19,0.245,0.059,-0.014,1,13,2024-07-01,Monday,66.96000000000001,0.8814,12.49,Fault,1,Normal
2024-07-01 13:01:00,M02,0.827,0.592,65.29,12.14,0.192,-0.011,-0.013,0,13,2024-07-01,Monday,67.0,0.8806,12.43,Normal,1,Normal
2024-07-01 13:02:00,M02,0.713,0.668,67.55,12.75,0.14,0.055,-0.012,0,13,2024-07-01,Monday,67.78999999999999,0.8657999999999999,12.396,Normal,1,Normal
2024-07-01 13:03:00,M02,0.823,0.63,67.47,11.46,0.192,0.051,-0.011,0,13,2024-07-01,Monday,68.034,0.8684,12.384,Normal,1,Normal
2024-07-01 13:04:00,M02,0.753,0.565,68.88,11.64,0.199,0.019,-0.01,0,13,2024-07-01,Monday,69.394,0.8812,12.436000000000002,Normal,1,Normal
2024-07-01 13:05:00,M02,0.788,0.533,68.34,10.67,0.137,-0.096,-0.009,0,13,2024-07-01,Monday,67.506,0.7807999999999999,11.732,Normal,1,Normal
2024-07-01 13:06:00,M02,0.803,0.539,65.75,11.19,0.178,-0.04,-0.008,0,13,2024-07-01,Monday,67.598,0.776,11.542,Normal,1,Normal
2024-07-01 13:07:00,M02,0.812,0.653,66.17,12.41,0.105,0.128,-0.007,0,13,2024-07-01,Monday,67.322,0.7958000000000001,11.474,Normal,1,Normal
2024-07-01 13:08:00,M02,0.816,0.54,63.09,12.28,0.103,-0.047,-0.006,0,13,2024-07-01,Monday,66.446,0.7944,11.638,Normal,1,Normal
2024-07-01 13:09:00,M02,0.818,0.663,67.59,13.08,0.109,-0.124,-0.005,0,13,2024-07-01,Monday,66.188,0.8074,11.925999999999998,Normal,1,Normal
2024-07-01 13:10:00,M02,0.841,0.657,64.93,11.13,0.126,-0.115,-0.004,0,13,2024-07-01,Monday,65.506,0.818,12.018,Normal,1,Normal
2024-07-01 13:11:00,M02,0.875,0.534,62.68,12.44,0.173,0.101,-0.003,0,13,2024-07-01,Monday,64.89200000000001,0.8324,12.268,Normal,1,Normal
2024-07-01 13:12:00,M02,0.827,0.641,65.5,12.02,0.241,-0.03,-0.002,0,13,2024-07-01,Monday,64.75800000000001,0.8353999999999999,12.19,Normal,1,Normal
2024-07-01 13:13:00,M02,0.77,0.588,64.43,11.5,0.167,-0.028,-0.001,0,13,2024-07-01,Monday,65.02600000000001,0.8262,12.034,Normal,1,Normal
2024-07-01 13:14:00,M02,0.874,0.494,61.52,11.69,0.239,0.088,-0.0,0,13,2024-07-01,Monday,63.812,0.8373999999999999,11.756,Normal,1,Normal
2024-07-01 13:15:00,M02,0.793,0.535,66.86,12.45,0.194,0.021,0.001,0,13,2024-07-01,Monday,64.19800000000001,0.8278000000000001,12.02,Normal,1,Normal
2024-07-01 13:16:00,M02,0.849,0.607,66.31,11.69,0.099,-0.054,0.002,0,13,2024-07-01,Monday,64.924,0.8226000000000001,11.87,Normal,1,Normal
2024-07-01 13:17:00,M02,0.805,0.608,63.01,11.35,0.115,0.037,0.003,0,13,2024-07-01,Monday,64.426,0.8182,11.736,Normal,1,Normal
2024-07-01 13:18:00,M02,0.804,0.691,65.69,12.06,0.135,-0.021,0.004,0,13,2024-07-01,Monday,64.678,0.825,11.848,Normal,1,Normal
2024-07-01 13:19:00,M02,0.726,0.508,65.49,12.14,0.144,-0.063,0.005,0,13,2024-07-01,Monday,65.47200000000001,0.7954000000000001,11.938,Normal,1,Normal
2024-07-01 13:20:00,M02,0.732,0.616,67.33,11.53,0.185,0.094,0.006,0,13,2024-07-01,Monday,65.566,0.7832,11.754,Normal,1,Normal
2024-07-01 13:21:00,M02,0.8,0.569,63.87,11.63,0.22,0.009,0.007,0,13,2024-07-01,Monday,65.078,0.7734,11.742,Normal,1,Normal
2024-07-01 13:22:00,M02,0.812,0.636,61.88,11.51,0.121,0.04,0.008,0,13,2024-07-01,Monday,64.852,0.7748,11.774,Normal,1,Normal
2024-07-01 13:23:00,M02,0.823,0.564,62.51,12.16,0.202,-0.037,0.009,0,13,2024-07-01,Monday,64.216,0.7786000000000001,11.794,Normal,1,Normal
2024-07-01 13:24:00,M02,0.741,0.638,66.82,11.32,0.087,-0.031,0.01,0,13,2024-07-01,Monday,64.482,0.7816,11.63,Normal,1,Normal
2024-07-01 13:25:00,M02,0.73,0.626,67.28,12.13,0.154,0.103,0.011,0,13,2024-07-01,Monday,64.47200000000001,0.7812,11.75,Normal,1,Normal
2024-07-01 13:26:00,M02,0.751,0.644,65.37,12.02,0.08,-0.034,0.012,0,13,2024-07-01,Monday,64.772,0.7714,11.828,Normal,1,Normal
2024-07-01 13:27:00,M02,0.811,0.719,64.54,12.03,0.224,0.122,0.013,0,13,2024-07-01,Monday,65.304,0.7712,11.932,Normal,1,Normal
2024-07-01 13:28:00,M02,0.754,0.772,64.92,12.55,0.225,0.143,0.014,0,13,2024-07-01,Monday,65.786,0.7574,12.010000000000002,Normal,1,Normal
2024-07-01 13:29:00,M02,0.753,0.576,69.93,10.77,0.182,0.085,0.015,0,13,2024-07-01,Monday,66.408,0.7598,11.9,Normal,1,Normal
2024-07-01 13:30:00,M02,0.834,0.611,68.35,11.59,0.132,-0.017,0.016,0,13,2024-07-01,Monday,66.622,0.7806,11.792,Normal,1,Normal
2024-07-01 13:31:00,M02,0.753,0.545,63.37,12.0,0.142,0.009,0.017,0,13,2024-07-01,Monday,66.222,0.781,11.788,Normal,1,Normal
2024-07-01 13:32:00,M02,0.864,0.598,60.91,12.25,0.201,-0.078,0.017,0,13,2024-07-01,Monday,65.49600000000001,0.7916000000000001,11.832,Normal,1,Normal
2024-07-01 13:33:00,M02,0.807,0.67,64.92,12.1,0.171,-0.047,0.018,0,13,2024-07-01,Monday,65.49600000000001,0.8022,11.742,Normal,1,Normal
2024-07-01 13:34:00,M02,0.774,0.562,65.12,12.45,0.199,-0.084,0.019,0,13,2024-07-01,Monday,64.53399999999999,0.8064,12.078,Normal,1,Normal
2024-07-01 13:35:00,M02,0.857,0.563,64.71,12.66,0.136,-0.097,0.02,0,13,2024-07-01,Monday,63.806,0.8109999999999999,12.292,Normal,1,Normal
2024-07-01 13:36:00,M02,1.204,0.851,77.35,15.64,0.169,-0.152,0.021,1,13,2024-07-01,Monday,66.602,0.9012,13.02,Fault,-1,Fault
2024-07-01 13:37:00,M02,0.731,0.611,62.88,11.15,0.075,0.027,0.022,0,13,2024-07-01,Monday,66.99600000000001,0.8746,12.8,Normal,1,Normal
2024-07-01 13:38:00,M02,0.792,0.642,66.0,12.35,0.179,0.063,0.023,0,13,2024-07-01,Monday,67.212,0.8715999999999999,12.85,Normal,1,Normal
2024-07-01 13:39:00,M02,0.799,0.557,62.21,11.36,0.166,0.091,0.024,0,13,2024-07-01,Monday,66.63,0.8766,12.632,Normal,1,Normal
2024-07-01 13:40:00,M02,0.823,0.553,63.52,10.79,0.105,-0.046,0.025,0,13,2024-07-01,Monday,66.39200000000001,0.8698,12.258,Normal,1,Normal
2024-07-01 13:41:00,M02,0.82,0.526,64.8,11.19,0.141,-0.0,0.026,0,13,2024-07-01,Monday,63.88199999999999,0.7929999999999999,11.368,Normal,1,Normal
2024-07-01 13:42:00,M02,0.774,0.534,64.59,12.39,0.175,0.094,0.026,0,13,2024-07-01,Monday,64.224,0.8016,11.616,Normal,1,Normal
2024-07-01 13:43:00,M02,0.767,0.52,66.24,12.57,0.101,0.005,0.027,0,13,2024-07-01,Monday,64.272,0.7966,11.66,Normal,1,Normal
2024-07-01 13:44:00,M02,0.818,0.634,65.07,13.81,0.18,0.088,0.028,0,13,2024-07-01,Monday,64.84400000000001,0.8004,12.15,Normal,1,Normal
2024-07-01 13:45:00,M02,0.724,0.565,61.32,11.83,0.191,0.022,0.029,0,13,2024-07-01,Monday,64.404,0.7806,12.358,Normal,1,Normal
2024-07-01 13:46:00,M02,0.757,0.641,64.37,12.29,0.084,0.09,0.03,0,13,2024-07-01,Monday,64.31800000000001,0.768,12.578,Normal,1,Normal
2024-07-01 13:47:00,M02,0.811,0.532,61.61,12.13,0.111,0.042,0.031,0,13,2024-07-01,Monday,63.722,0.7754000000000001,12.526,Normal,1,Normal
2024-07-01 13:48:00,M02,0.841,0.586,62.63,12.51,0.127,-0.002,0.031,0,13,2024-07-01,Monday,63.0,0.7902,12.514,Normal,1,Normal
2024-07-01 13:49:00,M02,0.751,0.623,66.82,11.38,0.098,-0.044,0.032,0,13,2024-07-01,Monday,63.35,0.7768,12.028,Normal,1,Normal
2024-07-01 13:50:00,M02,0.814,0.609,66.3,12.03,0.163,-0.058,0.033,0,13,2024-07-01,Monday,64.346,0.7948,12.068,Normal,1,Normal
2024-07-01 13:51:00,M02,1.161,0.929,78.39,16.63,0.258,-0.005,0.034,1,13,2024-07-01,Monday,67.15,0.8756,12.936000000000002,Fault,-1,Fault
2024-07-01 13:52:00,M02,0.855,0.582,68.26,12.07,0.215,-0.041,0.034,0,13,2024-07-01,Monday,68.47999999999999,0.8844,12.924,Normal,1,Normal
2024-07-01 13:53:00,M02,0.802,0.591,65.53,11.88,0.14,0.069,0.035,0,13,2024-07-01,Monday,69.06,0.8766,12.798,Normal,1,Normal
2024-07-01 13:54:00,M02,0.827,0.553,65.68,12.76,0.19,-0.092,0.036,0,13,2024-07-01,Monday,68.83200000000001,0.8917999999999999,13.074000000000002,Normal,1,Normal
2024-07-01 13:55:00,M02,0.696,0.541,66.38,12.43,0.16,-0.039,0.036,0,13,2024-07-01,Monday,68.848,0.8682000000000001,13.154,Normal,1,Normal
2024-07-01 13:56:00,M02,0.753,0.586,64.32,12.32,0.188,-0.004,0.037,0,13,2024-07-01,Monday,66.034,0.7866,12.292,Normal,1,Normal
2024-07-01 13:57:00,M02,0.806,0.635,62.08,12.11,0.161,0.056,0.038,0,13,2024-07-01,Monday,64.798,0.7767999999999999,12.3,Normal,1,Normal
2024-07-01 13:58:00,M02,0.846,0.627,64.95,11.87,0.129,0.022,0.038,0,13,2024-07-01,Monday,64.68199999999999,0.7856,12.297999999999998,Normal,1,Normal
2024-07-01 13:59:00,M02,0.821,0.601,63.82,11.74,0.195,0.118,0.039,0,13,2024-07-01,Monday,64.30999999999999,0.7844,12.094,Normal,1,Normal
2024-07-01 14:00:00,M02,0.841,0.627,65.13,11.28,0.234,-0.123,0.04,0,14,2024-07-01,Monday,64.05999999999999,0.8134,11.864,Normal,1,Normal
2024-07-01 14:01:00,M02,0.883,0.673,64.7,12.14,0.209,0.094,0.04,0,14,2024-07-01,Monday,64.136,0.8394,11.828,Normal,1,Normal
2024-07-01 14:02:00,M02,0.826,0.573,63.93,11.94,0.195,-0.02,0.041,0,14,2024-07-01,Monday,64.506,0.8433999999999999,11.794,Normal,1,Normal
2024-07-01 14:03:00,M02,0.787,0.63,62.77,11.75,0.202,0.056,0.041,0,14,2024-07-01,Monday,64.07000000000001,0.8315999999999999,11.77,Normal,1,Normal
2024-07-01 14:04:00,M02,0.733,0.553,63.88,12.07,0.22,0.026,0.042,0,14,2024-07-01,Monday,64.08200000000001,0.8140000000000001,11.836,Normal,1,Normal
2024-07-01 14:05:00,M02,0.809,0.71,64.02,11.89,0.168,-0.091,0.043,0,14,2024-07-01,Monday,63.86,0.8076000000000001,11.958,Normal,1,Normal
2024-07-01 14:06:00,M02,0.817,0.565,68.48,12.19,0.245,0.067,0.043,0,14,2024-07-01,Monday,64.61600000000001,0.7944,11.968,Normal,1,Normal
2024-07-01 14:07:00,M02,0.771,0.583,64.75,12.42,0.204,-0.115,0.044,0,14,2024-07-01,Monday,64.78,0.7834,12.064,Normal,1,Normal
2024-07-01 14:08:00,M02,0.86,0.607,64.57,11.66,0.137,-0.036,0.044,0,14,2024-07-01,Monday,65.14,0.798,12.046,Normal,1,Normal
2024-07-01 14:09:00,M02,0.823,0.559,65.18,11.94,0.164,-0.035,0.044,0,14,2024-07-01,Monday,65.4,0.8160000000000001,12.02,Normal,1,Normal
2024-07-01 14:10:00,M02,0.854,0.548,63.8,12.05,0.22,0.087,0.045,0,14,2024-07-01,Monday,65.356,0.825,12.052,Normal,1,Normal
2024-07-01 14:11:00,M02,0.743,0.607,66.04,11.99,0.218,0.085,0.045,0,14,2024-07-01,Monday,64.868,0.8102,12.012,Normal,1,Normal
2024-07-01 14:12:00,M02,1.114,0.852,75.71,14.59,0.29,0.025,0.046,1,14,2024-07-01,Monday,67.05999999999999,0.8788,12.446000000000002,Fault,-1,Fault
2024-07-01 14:13:00,M02,0.792,0.638,63.35,12.13,0.204,-0.029,0.046,0,14,2024-07-01,Monday,66.816,0.8652,12.54,Normal,1,Normal
2024-07-01 14:14:00,M02,0.759,0.536,66.36,12.28,0.094,-0.022,0.047,0,14,2024-07-01,Monday,67.05199999999999,0.8524,12.608,Normal,1,Normal
2024-07-01 14:15:00,M02,0.786,0.568,64.46,11.68,0.103,-0.089,0.047,0,14,2024-07-01,Monday,67.184,0.8388,12.534,Normal,1,Normal
2024-07-01 14:16:00,M02,0.859,0.586,62.44,12.43,0.24,-0.033,0.047,0,14,2024-07-01,Monday,66.464,0.8619999999999999,12.622,Normal,1,Normal
2024-07-01 14:17:00,M02,1.239,0.999,73.69,14.05,0.169,-0.144,0.048,1,14,2024-07-01,Monday,66.06,0.8870000000000001,12.514,Fault,-1,Fault
2024-07-01 14:18:00,M02,0.703,0.61,62.94,12.97,0.113,-0.001,0.048,0,14,2024-07-01,Monday,65.978,0.8692,12.682,Normal,1,Normal
2024-07-01 14:19:00,M02,0.795,0.579,66.25,12.46,0.179,0.114,0.048,0,14,2024-07-01,Monday,65.95599999999999,0.8764,12.718,Normal,1,Normal
2024-07-01 14:20:00,M02,0.74,0.547,64.67,11.96,0.126,0.101,0.048,0,14,2024-07-01,Monday,65.998,0.8672000000000001,12.774,Normal,1,Normal
2024-07-01 14:21:00,M02,0.76,0.556,61.57,11.75,0.199,0.014,0.049,0,14,2024-07-01,Monday,65.824,0.8474,12.638000000000002,Normal,1,Normal
2024-07-01 14:22:00,M02,1.125,1.002,79.69,15.44,0.211,-0.088,0.049,1,14,2024-07-01,Monday,67.024,0.8246,12.916,Fault,-1,Fault
2024-07-01 14:23:00,M02,0.863,0.601,67.14,12.45,0.253,-0.056,0.049,0,14,2024-07-01,Monday,67.864,0.8566,12.812,Normal,1,Normal
2024-07-01 14:24:00,M02,0.839,0.603,66.2,12.56,0.245,-0.092,0.049,0,14,2024-07-01,Monday,67.854,0.8654,12.832,Normal,1,Normal
2024-07-01 14:25:00,M02,0.87,0.572,64.92,11.48,0.139,0.041,0.049,0,14,2024-07-01,Monday,67.904,0.8914,12.736,Normal,1,Normal
2024-07-01 14:26:00,M02,0.87,0.571,64.39,11.47,0.145,-0.053,0.05,0,14,2024-07-01,Monday,68.468,0.9134,12.68,Normal,1,Normal
2024-07-01 14:27:00,M02,0.816,0.578,63.53,12.25,0.137,0.063,0.05,0,14,2024-07-01,Monday,65.236,0.8516,12.042,Normal,1,Normal
2024-07-01 14:28:00,M02,0.873,0.609,63.23,12.38,0.156,-0.082,0.05,0,14,2024-07-01,Monday,64.45400000000001,0.8535999999999999,12.028000000000002,Normal,1,Normal
2024-07-01 14:29:00,M02,0.813,0.634,65.38,11.76,0.117,0.064,0.05,0,14,2024-07-01,Monday,64.29,0.8484,11.868,Normal,1,Normal
2024-07-01 14:30:00,M02,0.896,0.531,66.77,11.48,0.173,-0.037,0.05,0,14,2024-07-01,Monday,64.66,0.8535999999999999,11.868,Normal,1,Normal
2024-07-01 14:31:00,M02,0.877,0.613,62.51,12.03,0.21,0.117,0.05,0,14,2024-07-01,Monday,64.28399999999999,0.8550000000000001,11.98,Normal,1,Normal
2024-07-01 14:32:00,M02,0.774,0.573,71.36,11.64,0.127,-0.097,0.05,0,14,2024-07-01,Monday,65.85,0.8466000000000001,11.858,Normal,1,Normal
2024-07-01 14:33:00,M02,0.9,0.631,65.18,12.14,0.155,-0.12,0.05,0,14,2024-07-01,Monday,66.23999999999998,0.852,11.81,Normal,1,Normal
2024-07-01 14:34:00,M02,0.86,0.549,62.39,12.86,0.215,-0.02,0.05,0,14,2024-07-01,Monday,65.642,0.8614,12.03,Normal,1,Normal
2024-07-01 14:35:00,M02,0.772,0.558,68.7,11.0,0.111,0.109,0.05,0,14,2024-07-01,Monday,66.02799999999999,0.8366,11.934,Normal,1,Normal
2024-07-01 14:36:00,M02,1.238,0.949,77.39,16.12,0.218,0.07,0.05,1,14,2024-07-01,Monday,69.00399999999999,0.9088,12.752,Fault,-1,Fault
2024-07-01 14:37:00,M02,0.864,0.658,66.31,12.47,0.237,0.083,0.05,0,14,2024-07-01,Monday,67.994,0.9268,12.918,Normal,1,Normal
2024-07-01 14:38:00,M02,1.103,0.782,73.4,15.07,0.175,0.074,0.05,1,14,2024-07-01,Monday,69.638,0.9674,13.504,Fault,1,Normal
2024-07-01 14:39:00,M02,0.785,0.591,64.6,12.12,0.218,-0.097,0.05,0,14,2024-07-01,Monday,70.08,0.9524,13.356,Normal,1,Normal
2024-07-01 14:40:00,M02,0.753,0.648,63.51,12.89,0.104,-0.001,0.049,0,14,2024-07-01,Monday,69.042,0.9486,13.734,Normal,1,Normal
2024-07-01 14:41:00,M02,0.915,0.619,65.32,11.52,0.244,0.024,0.049,0,14,2024-07-01,Monday,66.628,0.884,12.813999999999998,Normal,1,Normal
2024-07-01 14:42:00,M02,0.818,0.565,67.09,12.06,0.097,0.087,0.049,0,14,2024-07-01,Monday,66.784,0.8748000000000001,12.732,Normal,1,Normal
2024-07-01 14:43:00,M02,0.8,0.521,66.57,12.68,0.144,0.033,0.049,0,14,2024-07-01,Monday,65.41799999999999,0.8141999999999999,12.254,Normal,1,Normal
2024-07-01 14:44:00,M02,0.855,0.568,66.19,12.14,0.149,-0.062,0.049,0,14,2024-07-01,Monday,65.736,0.8282,12.258,Normal,1,Normal
2024-07-01 14:45:00,M02,0.771,0.678,65.61,12.5,0.142,0.077,0.048,0,14,2024-07-01,Monday,66.156,0.8318,12.18,Normal,1,Normal
2024-07-01 14:46:00,M02,0.858,0.62,61.68,11.96,0.215,-0.113,0.048,0,14,2024-07-01,Monday,65.42800000000001,0.8203999999999999,12.268,Normal,1,Normal
2024-07-01 14:47:00,M02,0.825,0.585,63.85,11.79,0.229,-0.024,0.048,0,14,2024-07-01,Monday,64.78,0.8218,12.214,Normal,1,Normal
2024-07-01 14:48:00,M02,0.709,0.613,68.84,11.9,0.086,0.103,0.048,0,14,2024-07-01,Monday,65.23400000000001,0.8036,12.058,Normal,1,Normal
2024-07-01 14:49:00,M02,1.093,0.843,77.95,15.58,0.17,-0.135,0.047,1,14,2024-07-01,Monday,67.586,0.8512000000000001,12.746,Fault,-1,Fault
2024-07-01 14:50:00,M02,0.779,0.558,64.52,11.79,0.228,-0.006,0.047,0,14,2024-07-01,Monday,67.368,0.8528,12.604,Normal,1,Normal
2024-07-01 14:51:00,M02,0.775,0.602,64.61,12.21,0.143,-0.026,0.047,0,14,2024-07-01,Monday,67.954,0.8362,12.654,Normal,1,Normal
2024-07-01 14:52:00,M02,0.807,0.598,66.74,12.08,0.099,0.068,0.046,0,14,2024-07-01,Monday,68.53200000000001,0.8326,12.712,Normal,1,Normal
2024-07-01 14:53:00,M02,0.815,0.578,64.09,12.48,0.167,0.067,0.046,0,14,2024-07-01,Monday,67.582,0.8538,12.828,Normal,1,Normal
2024-07-01 14:54:00,M02,0.82,0.608,63.49,11.71,0.241,-0.096,0.046,0,14,2024-07-01,Monday,64.69,0.7992,12.054,Normal,1,Normal
2024-07-01 14:55:00,M02,0.817,0.612,65.42,12.43,0.193,-0.121,0.045,0,14,2024-07-01,Monday,64.87,0.8068,12.182,Normal,1,Normal
2024-07-01 14:56:00,M02,0.765,0.461,66.0,12.16,0.223,0.004,0.045,0,14,2024-07-01,Monday,65.148,0.8048,12.172,Normal,1,Normal
2024-07-01 14:57:00,M02,0.823,0.541,64.95,12.18,0.109,-0.05,0.044,0,14,2024-07-01,Monday,64.78999999999999,0.808,12.192000000000002,Normal,1,Normal
2024-07-01 14:58:00,M02,0.85,0.584,62.05,11.64,0.225,0.068,0.044,0,14,2024-07-01,Monday,64.382,0.8149999999999998,12.024,Normal,1,Normal
2024-07-01 14:59:00,M02,1.157,0.904,79.0,14.32,0.205,0.031,0.043,1,14,2024-07-01,Monday,67.48400000000001,0.8824,12.546,Fault,1,Normal
2024-07-01 15:00:00,M02,0.736,0.606,63.52,11.51,0.219,0.025,0.043,0,15,2024-07-01,Monday,67.104,0.8661999999999999,12.362,Normal,1,Normal
2024-07-01 15:01:00,M02,0.717,0.574,68.45,12.05,0.179,-0.025,0.042,0,15,2024-07-01,Monday,67.59400000000001,0.8566,12.34,Normal,1,Normal
2024-07-01 15:02:00,M02,0.827,0.687,65.35,11.95,0.218,0.091,0.042,0,15,2024-07-01,Monday,67.674,0.8573999999999999,12.294,Normal,1,Normal
2024-07-01 15:03:00,M02,0.768,0.673,66.32,11.84,0.215,-0.062,0.041,0,15,2024-07-01,Monday,68.52799999999999,0.841,12.334,Normal,1,Normal
2024-07-01 15:04:00,M02,0.76,0.604,66.15,11.85,0.099,0.093,0.041,0,15,2024-07-01,Monday,65.958,0.7615999999999999,11.84,Normal,1,Normal
2024-07-01 15:05:00,M02,0.765,0.602,65.9,11.04,0.125,-0.084,0.04,0,15,2024-07-01,Monday,66.434,0.7674000000000001,11.746,Normal,1,Normal
2024-07-01 15:06:00,M02,0.822,0.596,69.13,13.02,0.11,0.077,0.039,0,15,2024-07-01,Monday,66.57000000000001,0.7884,11.94,Normal,1,Normal
2024-07-01 15:07:00,M02,0.73,0.607,65.37,10.46,0.123,-0.092,0.039,0,15,2024-07-01,Monday,66.574,0.769,11.642,Normal,1,Normal
2024-07-01 15:08:00,M02,0.848,0.584,65.02,12.43,0.158,-0.107,0.038,0,15,2024-07-01,Monday,66.314,0.7849999999999999,11.76,Normal,1,Normal
2024-07-01 15:09:00,M02,0.795,0.605,60.97,12.45,0.095,-0.049,0.037,0,15,2024-07-01,Monday,65.27799999999999,0.792,11.88,Normal,1,Normal
2024-07-01 15:10:00,M02,0.793,0.666,65.53,12.12,0.126,-0.025,0.037,0,15,2024-07-01,Monday,65.204,0.7976,12.096,Normal,1,Normal
2024-07-01 15:11:00,M02,0.713,0.606,63.92,12.04,0.165,0.074,0.036,0,15,2024-07-01,Monday,64.162,0.7758,11.9,Normal,1,Normal
2024-07-01 15:12:00,M02,0.882,0.547,65.5,12.16,0.097,0.082,0.035,0,15,2024-07-01,Monday,64.188,0.8061999999999999,12.239999999999998,Normal,1,Normal
2024-07-01 15:13:00,M02,0.759,0.684,65.11,12.04,0.105,-0.016,0.035,0,15,2024-07-01,Monday,64.206,0.7884,12.162,Normal,1,Normal
2024-07-01 15:14:00,M02,0.79,0.668,65.89,12.02,0.191,0.118,0.034,0,15,2024-07-01,Monday,65.19,0.7874000000000001,12.076,Normal,1,Normal
2024-07-01 15:15:00,M02,0.766,0.595,65.69,12.05,0.105,-0.034,0.033,0,15,2024-07-01,Monday,65.22200000000001,0.782,12.062,Normal,1,Normal
2024-07-01 15:16:00,M02,0.773,0.559,66.97,11.62,0.209,-0.017,0.032,0,15,2024-07-01,Monday,65.832,0.7939999999999999,11.978,Normal,1,Normal
2024-07-01 15:17:00,M02,1.201,0.923,77.61,15.28,0.297,0.109,0.032,1,15,2024-07-01,Monday,68.25399999999999,0.8578000000000001,12.602,Fault,-1,Fault
2024-07-01 15:18:00,M02,0.814,0.591,70.22,11.73,0.161,0.076,0.031,0,15,2024-07-01,Monday,69.276,0.8688,12.54,Normal,1,Normal
2024-07-01 15:19:00,M02,0.887,0.591,66.71,11.16,0.178,0.114,0.03,0,15,2024-07-01,Monday,69.44,0.8882,12.368,Normal,1,Normal
2024-07-01 15:20:00,M02,1.271,0.885,77.02,15.01,0.305,-0.098,0.029,1,15,2024-07-01,Monday,71.70599999999999,0.9892,12.96,Fault,-1,Fault
2024-07-01 15:21:00,M02,0.792,0.482,63.68,11.67,0.176,-0.059,0.028,0,15,2024-07-01,Monday,71.04799999999999,0.993,12.97,Normal,1,Normal
2024-07-01 15:22:00,M02,0.897,0.638,66.28,11.66,0.163,0.123,0.028,0,15,2024-07-01,Monday,68.782,0.9322,12.246,Normal,1,Normal
2024-07-01 15:23:00,M02,0.866,0.617,65.25,11.72,0.228,-0.043,0.027,0,15,2024-07-01,Monday,67.78799999999998,0.9426,12.244,Normal,1,Normal
2024-07-01 15:24:00,M02,0.783,0.627,66.19,12.05,0.089,0.014,0.026,0,15,2024-07-01,Monday,67.684,0.9218,12.422,Normal,1,Normal
2024-07-01 15:25:00,M02,0.777,0.585,61.79,12.02,0.189,0.093,0.025,0,15,2024-07-01,Monday,64.638,0.8230000000000001,11.824000000000002,Normal,1,Normal
2024-07-01 15:26:00,M02,0.799,0.572,67.67,12.37,0.096,-0.011,0.024,0,15,2024-07-01,Monday,65.436,0.8244,11.964,Normal,1,Normal
2024-07-01 15:27:00,M02,0.867,0.58,65.66,12.79,0.184,-0.025,0.023,0,15,2024-07-01,Monday,65.31199999999998,0.8184000000000001,12.19,Normal,1,Normal
2024-07-01 15:28:00,M02,0.767,0.617,68.23,11.6,0.118,0.048,0.022,0,15,2024-07-01,Monday,65.90799999999999,0.7986,12.166,Normal,1,Normal
2024-07-01 15:29:00,M02,0.752,0.618,65.14,11.32,0.207,0.06,0.022,0,15,2024-07-01,Monday,65.69800000000001,0.7924,12.02,Normal,1,Normal
2024-07-01 15:30:00,M02,0.776,0.554,66.11,12.71,0.226,-0.076,0.021,0,15,2024-07-01,Monday,66.562,0.7922,12.158,Normal,1,Normal
2024-07-01 15:31:00,M02,0.786,0.617,65.42,12.69,0.182,0.052,0.02,0,15,2024-07-01,Monday,66.112,0.7896,12.222,Normal,1,Normal
2024-07-01 15:32:00,M02,0.78,0.651,65.74,11.74,0.097,0.091,0.019,0,15,2024-07-01,Monday,66.128,0.7722,12.012,Normal,1,Normal
2024-07-01 15:33:00,M02,0.777,0.541,63.95,12.84,0.198,-0.036,0.018,0,15,2024-07-01,Monday,65.272,0.7742000000000001,12.260000000000002,Normal,1,Normal
2024-07-01 15:34:00,M02,1.104,0.955,81.57,14.03,0.21,-0.106,0.017,1,15,2024-07-01,Monday,68.558,0.8446,12.802,Fault,-1,Fault
2024-07-01 15:35:00,M02,0.748,0.59,65.73,11.68,0.212,0.082,0.016,0,15,2024-07-01,Monday,68.482,0.8390000000000001,12.596,Normal,1,Normal
2024-07-01 15:36:00,M02,0.765,0.622,66.32,11.83,0.108,-0.097,0.015,0,15,2024-07-01,Monday,68.662,0.8348000000000001,12.424,Normal,1,Normal
2024-07-01 15:37:00,M02,0.888,0.592,63.55,11.48,0.132,0.018,0.014,0,15,2024-07-01,Monday,68.224,0.8564,12.372,Normal,1,Normal
2024-07-01 15:38:00,M02,0.775,0.609,65.1,12.21,0.192,0.014,0.013,0,15,2024-07-01,Monday,68.454,0.8560000000000001,12.246,Normal,1,Normal
2024-07-01 15:39:00,M02,0.771,0.671,65.72,12.24,0.138,-0.1,0.012,0,15,2024-07-01,Monday,65.28399999999999,0.7894,11.888,Normal,1,Normal
2024-07-01 15:40:00,M02,0.881,0.645,64.39,12.26,0.264,0.042,0.011,0,15,2024-07-01,Monday,65.01599999999999,0.8160000000000001,12.004,Normal,1,Normal
2024-07-01 15:41:00,M02,0.745,0.549,66.07,12.81,0.114,0.017,0.01,0,15,2024-07-01,Monday,64.966,0.8119999999999999,12.2,Normal,1,Normal
2024-07-01 15:42:00,M02,0.792,0.572,62.87,11.46,0.119,0.11,0.009,0,15,2024-07-01,Monday,64.83,0.7928,12.196,Normal,1,Normal
2024-07-01 15:43:00,M02,0.727,0.643,65.71,11.87,0.199,0.114,0.008,0,15,2024-07-01,Monday,64.952,0.7832000000000001,12.128,Normal,1,Normal
2024-07-01 15:44:00,M02,0.768,0.632,64.72,11.83,0.124,-0.068,0.007,0,15,2024-07-01,Monday,64.752,0.7826000000000001,12.046,Normal,1,Normal
2024-07-01 15:45:00,M02,0.782,0.602,66.6,10.98,0.231,0.11,0.006,0,15,2024-07-01,Monday,65.19399999999999,0.7628,11.79,Normal,1,Normal
2024-07-01 15:46:00,M02,0.794,0.658,64.53,11.6,0.163,0.002,0.005,0,15,2024-07-01,Monday,64.886,0.7726,11.548,Normal,1,Normal
2024-07-01 15:47:00,M02,0.795,0.586,64.37,12.08,0.133,0.085,0.004,0,15,2024-07-01,Monday,65.18599999999999,0.7732,11.672,Normal,1,Normal
2024-07-01 15:48:00,M02,0.893,0.633,67.87,11.69,0.22,-0.019,0.003,0,15,2024-07-01,Monday,65.61800000000001,0.8064,11.636,Normal,1,Normal
2024-07-01 15:49:00,M02,0.795,0.678,66.49,11.71,0.226,0.124,0.002,0,15,2024-07-01,Monday,65.972,0.8118000000000001,11.612,Normal,1,Normal
2024-07-01 15:50:00,M02,0.78,0.554,67.4,12.12,0.129,-0.045,0.001,0,15,2024-07-01,Monday,66.132,0.8114000000000001,11.84,Normal,1,Normal
2024-07-01 15:51:00,M02,0.845,0.645,65.16,12.18,0.104,0.123,0.0,0,15,2024-07-01,Monday,66.258,0.8216000000000001,11.956,Normal,1,Normal
2024-07-01 15:52:00,M02,0.692,0.624,65.79,12.59,0.087,-0.102,-0.001,0,15,2024-07-01,Monday,66.542,0.8009999999999999,12.058,Normal,1,Normal
2024-07-01 15:53:00,M02,0.785,0.657,65.57,13.33,0.08,-0.052,-0.002,0,15,2024-07-01,Monday,66.08200000000001,0.7794,12.386,Normal,1,Normal
2024-07-01 15:54:00,M02,0.76,0.562,63.54,11.87,0.228,-0.01,-0.003,0,15,2024-07-01,Monday,65.492,0.7724,12.418,Normal,1,Normal
2024-07-01 15:55:00,M02,0.769,0.627,64.19,12.42,0.196,-0.074,-0.004,0,15,2024-07-01,Monday,64.85,0.7702,12.478,Normal,1,Normal
2024-07-01 15:56:00,M02,0.683,0.633,63.96,11.82,0.094,0.11,-0.005,0,15,2024-07-01,Monday,64.61,0.7378,12.406,Normal,1,Normal
2024-07-01 15:57:00,M02,0.754,0.503,64.83,11.68,0.138,-0.008,-0.006,0,15,2024-07-01,Monday,64.41799999999999,0.7502,12.224,Normal,1,Normal
2024-07-01 15:58:00,M02,0.817,0.591,63.87,12.17,0.132,-0.081,-0.007,0,15,2024-07-01,Monday,64.078,0.7566,11.992,Normal,1,Normal
2024-07-01 15:59:00,M02,1.151,0.805,78.8,14.88,0.245,0.062,-0.008,1,15,2024-07-01,Monday,67.13,0.8347999999999999,12.594,Fault,1,Normal
2024-07-01 16:00:00,M02,0.677,0.659,65.52,12.45,0.115,0.04,-0.009,0,16,2024-07-01,Monday,67.396,0.8164,12.6,Normal,1,Normal
2024-07-01 16:01:00,M02,0.863,0.676,62.58,12.02,0.229,0.084,-0.01,0,16,2024-07-01,Monday,67.11999999999999,0.8524,12.64,Normal,1,Normal
2024-07-01 16:02:00,M02,0.727,0.64,68.56,12.25,0.077,0.049,-0.011,0,16,2024-07-01,Monday,67.866,0.8470000000000001,12.754,Normal,1,Normal
2024-07-01 16:03:00,M02,0.825,0.563,65.77,11.99,0.189,0.056,-0.012,0,16,2024-07-01,Monday,68.246,0.8485999999999999,12.718,Normal,1,Normal
2024-07-01 16:04:00,M02,0.851,0.616,65.93,12.28,0.092,0.021,-0.013,0,16,2024-07-01,Monday,65.672,0.7886,12.198,Normal,1,Normal
2024-07-01 16:05:00,M02,0.805,0.65,64.38,12.61,0.234,-0.016,-0.014,0,16,2024-07-01,Monday,65.44399999999999,0.8141999999999999,12.23,Normal,1,Normal
2024-07-01 16:06:00,M02,0.786,0.625,65.56,11.5,0.233,-0.122,-0.015,0,16,2024-07-01,Monday,66.03999999999999,0.7988,12.126,Normal,1,Normal
2024-07-01 16:07:00,M02,0.729,0.585,65.92,12.42,0.168,0.056,-0.016,0,16,2024-07-01,Monday,65.512,0.7992,12.16,Normal,1,Normal
2024-07-01 16:08:00,M02,1.245,0.931,73.92,16.21,0.141,0.05,-0.016,1,16,2024-07-01,Monday,67.14200000000001,0.8832000000000001,13.004,Fault,-1,Fault
2024-07-01 16:09:00,M02,0.821,0.597,63.4,11.63,0.082,0.022,-0.017,0,16,2024-07-01,Monday,66.636,0.8772,12.874,Normal,1,Normal
2024-07-01 16:10:00,M02,1.184,0.877,78.59,15.52,0.183,-0.147,-0.018,1,16,2024-07-01,Monday,69.478,0.953,13.456,Fault,-1,Fault
2024-07-01 16:11:00,M02,0.758,0.469,64.95,11.4,0.115,0.057,-0.019,0,16,2024-07-01,Monday,69.35600000000001,0.9474,13.435999999999998,Normal,1,Normal
2024-07-01 16:12:00,M02,0.807,0.607,63.09,11.74,0.091,-0.118,-0.02,0,16,2024-07-01,Monday,68.78999999999999,0.963,13.3,Normal,1,Normal
2024-07-01 16:13:00,M02,0.814,0.566,63.2,12.68,0.241,0.042,-0.021,0,16,2024-07-01,Monday,66.646,0.8768,12.594,Normal,1,Normal
2024-07-01 16:14:00,M02,0.825,0.554,62.89,11.59,0.196,0.08,-0.022,0,16,2024-07-01,Monday,66.54400000000001,0.8775999999999999,12.586,Normal,1,Normal
2024-07-01 16:15:00,M02,0.821,0.582,67.35,12.28,0.115,-0.107,-0.023,0,16,2024-07-01,Monday,64.296,0.805,11.938,Normal,1,Normal
2024-07-01 16:16:00,M02,0.822,0.621,60.64,12.73,0.107,0.074,-0.024,0,16,2024-07-01,Monday,63.434000000000005,0.8177999999999999,12.204,Normal,1,Normal
2024-07-01 16:17:00,M02,0.8,0.628,63.25,11.75,0.231,-0.073,-0.025,0,16,2024-07-01,Monday,63.466,0.8164,12.206,Normal,1,Normal
2024-07-01 16:18:00,M02,1.194,0.839,78.18,12.95,0.18,0.111,-0.026,1,16,2024-07-01,Monday,66.462,0.8924,12.26,Fault,-1,Fault
2024-07-01 16:19:00,M02,0.808,0.616,63.39,12.28,0.167,-0.079,-0.026,0,16,2024-07-01,Monday,66.562,0.8889999999999999,12.398,Normal,1,Normal
2024-07-01 16:20:00,M02,0.76,0.64,61.37,12.75,0.155,-0.083,-0.027,0,16,2024-07-01,Monday,65.366,0.8768,12.492,Normal,1,Normal
2024-07-01 16:21:00,M02,0.829,0.593,63.13,11.93,0.1,0.024,-0.028,0,16,2024-07-01,Monday,65.864,0.8782,12.332,Normal,1,Normal
2024-07-01 16:22:00,M02,0.751,0.664,66.0,11.54,0.171,0.045,-0.029,0,16,2024-07-01,Monday,66.414,0.8684,12.29,Normal,1,Normal
2024-07-01 16:23:00,M02,1.251,1.053,79.06,15.0,0.185,0.122,-0.03,1,16,2024-07-01,Monday,66.59,0.8798,12.7,Fault,-1,Fault
2024-07-01 16:24:00,M02,0.888,0.494,65.26,11.06,0.214,0.029,-0.03,0,16,2024-07-01,Monday,66.96400000000001,0.8958,12.456,Normal,1,Normal
2024-07-01 16:25:00,M02,0.812,0.691,69.49,12.38,0.197,-0.002,-0.031,0,16,2024-07-01,Monday,68.588,0.9062,12.382,Normal,1,Normal
2024-07-01 16:26:00,M02,0.756,0.6,70.36,11.94,0.191,-0.076,-0.032,0,16,2024-07-01,Monday,70.034,0.8916000000000001,12.384,Normal,1,Normal
2024-07-01 16:27:00,M02,0.876,0.612,62.22,11.86,0.166,0.041,-0.033,0,16,2024-07-01,Monday,69.27799999999999,0.9166,12.448,Normal,1,Normal
2024-07-01 16:28:00,M02,1.258,0.878,77.05,14.95,0.365,-0.114,-0.034,1,16,2024-07-01,Monday,68.876,0.918,12.438,Fault,-1,Fault
2024-07-01 16:29:00,M02,0.773,0.531,64.19,11.05,0.129,-0.072,-0.034,0,16,2024-07-01,Monday,68.662,0.8950000000000001,12.436,Normal,1,Normal
2024-07-01 16:30:00,M02,0.842,0.533,67.24,11.92,0.103,-0.05,-0.035,0,16,2024-07-01,Monday,68.212,0.901,12.344,Normal,1,Normal
2024-07-01 16:31:00,M02,0.822,0.568,66.54,11.61,0.124,-0.095,-0.036,0,16,2024-07-01,Monday,67.44800000000001,0.9142,12.278,Normal,1,Normal
2024-07-01 16:32:00,M02,1.161,1.017,76.1,14.66,0.327,0.053,-0.036,1,16,2024-07-01,Monday,70.22399999999999,0.9712,12.838,Fault,-1,Fault
2024-07-01 16:33:00,M02,0.856,0.648,68.02,11.45,0.146,-0.115,-0.037,0,16,2024-07-01,Monday,68.418,0.8907999999999999,12.138,Normal,1,Normal
2024-07-01 16:34:00,M02,0.702,0.613,64.43,12.74,0.167,0.062,-0.038,0,16,2024-07-01,Monday,68.46600000000001,0.8766,12.476,Normal,1,Normal
2024-07-01 16:35:00,M02,0.87,0.656,65.44,11.92,0.167,-0.072,-0.038,0,16,2024-07-01,Monday,68.106,0.8821999999999999,12.476,Normal,1,Normal
2024-07-01 16:36:00,M02,0.794,0.567,60.62,12.42,0.097,0.108,-0.039,0,16,2024-07-01,Monday,66.922,0.8766,12.638,Normal,1,Normal
2024-07-01 16:37:00,M02,0.779,0.579,67.76,11.98,0.162,-0.114,-0.04,0,16,2024-07-01,Monday,65.25399999999999,0.8002,12.102,Normal,1,Normal
2024-07-01 16:38:00,M02,0.796,0.632,66.07,11.16,0.108,-0.085,-0.04,0,16,2024-07-01,Monday,64.864,0.7882,12.044,Normal,1,Normal
2024-07-01 16:39:00,M02,1.065,1.019,79.28,16.94,0.31,0.128,-0.041,1,16,2024-07-01,Monday,67.83399999999999,0.8608,12.884,Fault,-1,Fault
2024-07-01 16:40:00,M02,0.75,0.645,66.75,11.16,0.099,-0.101,-0.041,0,16,2024-07-01,Monday,68.096,0.8368,12.732,Normal,1,Normal
2024-07-01 16:41:00,M02,0.912,0.553,67.97,11.9,0.231,-0.012,-0.042,0,16,2024-07-01,Monday,69.566,0.8604,12.628,Normal,1,Normal
2024-07-01 16:42:00,M02,0.849,0.605,67.88,11.36,0.153,0.045,-0.042,0,16,2024-07-01,Monday,69.59,0.8744,12.504,Normal,1,Normal
2024-07-01 16:43:00,M02,0.731,0.613,66.6,12.14,0.162,0.038,-0.043,0,16,2024-07-01,Monday,69.696,0.8614,12.7,Normal,1,Normal
2024-07-01 16:44:00,M02,0.8,0.589,61.86,12.01,0.128,-0.065,-0.044,0,16,2024-07-01,Monday,66.212,0.8084,11.714000000000002,Normal,1,Normal
2024-07-01 16:45:00,M02,1.134,0.779,76.91,14.94,0.214,-0.059,-0.044,1,16,2024-07-01,Monday,68.244,0.8852,12.47,Fault,-1,Fault
2024-07-01 16:46:00,M02,0.796,0.604,65.1,11.21,0.205,-0.01,-0.044,0,16,2024-07-01,Monday,67.67,0.8620000000000001,12.332,Normal,1,Normal
2024-07-01 16:47:00,M02,0.764,0.548,66.3,12.48,0.146,-0.083,-0.045,0,16,2024-07-01,Monday,67.354,0.845,12.556,Normal,1,Normal
2024-07-01 16:48:00,M02,1.238,0.921,77.39,14.64,0.203,0.064,-0.045,1,16,2024-07-01,Monday,69.512,0.9464,13.056,Fault,-1,Fault
2024-07-01 16:49:00,M02,0.821,0.642,65.32,12.85,0.231,-0.115,-0.046,0,16,2024-07-01,Monday,70.204,0.9506,13.224,Normal,1,Normal
2024-07-01 16:50:00,M02,0.932,0.575,61.71,10.93,0.122,-0.008,-0.046,0,16,2024-07-01,Monday,67.164,0.9102,12.422,Normal,1,Normal
2024-07-01 16:51:00,M02,0.781,0.618,62.81,12.44,0.177,-0.041,-0.047,0,16,2024-07-01,Monday,66.70599999999999,0.9072,12.668,Normal,1,Normal
2024-07-01 16:52:00,M02,0.766,0.623,65.14,12.44,0.139,0.027,-0.047,0,16,2024-07-01,Monday,66.474,0.9076,12.66,Normal,1,Normal
2024-07-01 16:53:00,M02,1.138,0.864,79.25,15.56,0.322,0.024,-0.047,1,16,2024-07-01,Monday,66.846,0.8876000000000002,12.844,Fault,-1,Fault
2024-07-01 16:54:00,M02,0.836,0.69,60.29,12.53,0.156,-0.1,-0.048,0,16,2024-07-01,Monday,65.84,0.8906000000000001,12.78,Normal,1,Normal
2024-07-01 16:55:00,M02,0.86,0.511,65.54,11.73,0.229,0.013,-0.048,0,16,2024-07-01,Monday,66.60600000000001,0.8762000000000001,12.94,Normal,1,Normal
2024-07-01 16:56:00,M02,0.828,0.505,65.21,12.61,0.148,0.047,-0.048,0,16,2024-07-01,Monday,67.086,0.8855999999999999,12.974,Normal,1,Normal
2024-07-01 16:57:00,M02,0.749,0.621,64.26,13.13,0.175,0.084,-0.048,0,16,2024-07-01,Monday,66.91,0.8821999999999999,13.112,Normal,1,Normal
2024-07-01 16:58:00,M02,0.723,0.579,65.3,11.59,0.09,0.008,-0.049,0,16,2024-07-01,Monday,64.12,0.7992,12.318,Normal,1,Normal
2024-07-01 16:59:00,M02,0.826,0.672,64.2,11.15,0.227,-0.029,-0.049,0,16,2024-07-01,Monday,64.902,0.7971999999999999,12.042,Normal,1,Normal
2024-07-01 17:00:00,M02,0.826,0.597,65.13,11.61,0.175,0.114,-0.049,0,17,2024-07-01,Monday,64.82000000000001,0.7903999999999999,12.018,Normal,1,Normal
2024-07-01 17:01:00,M02,0.773,0.464,65.38,12.35,0.198,-0.031,-0.049,0,17,2024-07-01,Monday,64.854,0.7794,11.966,Normal,1,Normal
2024-07-01 17:02:00,M02,0.889,0.57,64.59,11.71,0.257,-0.038,-0.049,0,17,2024-07-01,Monday,64.92,0.8074,11.682,Normal,1,Normal
2024-07-01 17:03:00,M02,0.704,0.668,63.59,11.91,0.103,-0.084,-0.05,0,17,2024-07-01,Monday,64.578,0.8036,11.746,Normal,1,Normal
2024-07-01 17:04:00,M02,0.755,0.641,62.67,11.98,0.157,0.022,-0.05,0,17,2024-07-01,Monday,64.272,0.7894,11.912,Normal,1,Normal
2024-07-01 17:05:00,M02,0.792,0.576,60.29,12.14,0.187,-0.027,-0.05,0,17,2024-07-01,Monday,63.304,0.7826000000000001,12.018,Normal,1,Normal
2024-07-01 17:06:00,M02,0.789,0.523,66.57,11.36,0.139,0.062,-0.05,0,17,2024-07-01,Monday,63.54200000000001,0.7858,11.82,Normal,1,Normal
2024-07-01 17:07:00,M02,1.115,0.912,78.75,14.67,0.313,-0.079,-0.05,1,17,2024-07-01,Monday,66.374,0.8309999999999998,12.412,Fault,-1,Fault
2024-07-01 17:08:00,M02,0.763,0.58,64.33,11.32,0.184,0.051,-0.05,0,17,2024-07-01,Monday,66.52199999999999,0.8428000000000001,12.294,Normal,1,Normal
2024-07-01 17:09:00,M02,1.236,0.91,76.32,14.72,0.351,0.147,-0.05,1,17,2024-07-01,Monday,69.252,0.939,12.842,Fault,-1,Fault
2024-07-01 17:10:00,M02,0.76,0.57,64.12,11.99,0.226,-0.001,-0.05,0,17,2024-07-01,Monday,70.018,0.9326,12.812,Normal,1,Normal
2024-07-01 17:11:00,M02,0.805,0.715,61.77,11.97,0.164,0.116,-0.05,0,17,2024-07-01,Monday,69.058,0.9358,12.934,Normal,1,Normal
2024-07-01 17:12:00,M02,0.841,0.57,65.04,12.77,0.122,-0.045,-0.05,0,17,2024-07-01,Monday,66.316,0.881,12.553999999999998,Normal,1,Normal
2024-07-01 17:13:00,M02,0.774,0.553,67.16,11.83,0.098,-0.058,-0.05,0,17,2024-07-01,Monday,66.882,0.8832000000000001,12.656,Normal,1,Normal
2024-07-01 17:14:00,M02,0.794,0.636,66.49,11.98,0.131,-0.102,-0.05,0,17,2024-07-01,Monday,64.91600000000001,0.7948000000000001,12.108,Normal,1,Normal
2024-07-01 17:15:00,M02,0.789,0.528,63.26,12.34,0.139,0.087,-0.05,0,17,2024-07-01,Monday,64.744,0.8006,12.178,Normal,1,Normal
2024-07-01 17:16:00,M02,1.21,0.904,77.53,15.48,0.256,-0.171,-0.05,1,17,2024-07-01,Monday,67.896,0.8816,12.88,Fault,-1,Fault
2024-07-01 17:17:00,M02,0.88,0.614,64.44,12.16,0.256,0.078,-0.049,0,17,2024-07-01,Monday,67.776,0.8894,12.758,Normal,1,Normal
2024-07-01 17:18:00,M02,0.737,0.586,68.92,12.48,0.195,-0.113,-0.049,0,17,2024-07-01,Monday,68.128,0.882,12.888,Normal,1,Normal
2024-07-01 17:19:00,M02,0.861,0.581,63.35,12.35,0.182,-0.034,-0.049,0,17,2024-07-01,Monday,67.5,0.8954000000000001,12.962,Normal,1,Normal
2024-07-01 17:20:00,M02,0.784,0.612,64.12,12.24,0.218,-0.047,-0.049,0,17,2024-07-01,Monday,67.672,0.8944000000000001,12.941999999999998,Normal,1,Normal
2024-07-01 17:21:00,M02,0.699,0.628,65.35,12.45,0.106,-0.097,-0.049,0,17,2024-07-01,Monday,65.23600000000002,0.7922,12.336,Normal,1,Normal
2024-07-01 17:22:00,M02,1.129,0.912,76.36,14.68,0.156,-0.002,-0.049,1,17,2024-07-01,Monday,67.61999999999999,0.842,12.839999999999998,Fault,1,Normal
2024-07-01 17:23:00,M02,0.785,0.594,67.0,12.22,0.116,-0.074,-0.048,0,17,2024-07-01,Monday,67.236,0.8516,12.788,Normal,1,Normal
2024-07-01 17:24:00,M02,0.745,0.52,63.21,10.99,0.086,0.081,-0.048,0,17,2024-07-01,Monday,67.208,0.8284,12.516,Normal,1,Normal
2024-07-01 17:25:00,M02,0.758,0.629,66.05,11.66,0.084,0.108,-0.048,0,17,2024-07-01,Monday,67.59400000000001,0.8232000000000002,12.4,Normal,1,Normal
2024-07-01 17:26:00,M02,0.76,0.592,62.03,11.22,0.157,0.046,-0.047,0,17,2024-07-01,Monday,66.92999999999999,0.8353999999999999,12.154,Normal,1,Normal
2024-07-01 17:27:00,M02,1.173,0.987,75.2,14.15,0.259,-0.177,-0.047,1,17,2024-07-01,Monday,66.69800000000001,0.8442000000000001,12.048,Fault,-1,Fault
2024-07-01 17:28:00,M02,0.876,0.491,66.65,11.51,0.183,0.04,-0.047,0,17,2024-07-01,Monday,66.62800000000001,0.8624,11.906,Normal,1,Normal
2024-07-01 17:29:00,M02,0.803,0.624,62.94,11.35,0.123,-0.091,-0.046,0,17,2024-07-01,Monday,66.574,0.874,11.978,Normal,1,Normal
2024-07-01 17:30:00,M02,0.791,0.647,69.37,11.74,0.165,0.07,-0.046,0,17,2024-07-01,Monday,67.23800000000001,0.8805999999999999,11.994000000000002,Normal,1,Normal
2024-07-01 17:31:00,M02,0.805,0.541,64.12,10.91,0.104,0.038,-0.046,0,17,2024-07-01,Monday,67.656,0.8896000000000001,11.932,Normal,1,Normal
2024-07-01 17:32:00,M02,0.771,0.542,62.92,11.06,0.175,0.067,-0.045,0,17,2024-07-01,Monday,65.2,0.8092,11.314,Normal,1,Normal
2024-07-01 17:33:00,M02,0.775,0.607,64.81,11.14,0.161,0.048,-0.045,0,17,2024-07-01,Monday,64.832,0.789,11.24,Normal,1,Normal
2024-07-01 17:34:00,M02,0.764,0.639,67.29,11.47,0.12,-0.122,-0.044,0,17,2024-07-01,Monday,65.702,0.7812000000000001,11.264,Normal,1,Normal
2024-07-01 17:35:00,M02,0.744,0.593,65.08,12.26,0.118,-0.111,-0.044,0,17,2024-07-01,Monday,64.84400000000001,0.7718,11.368,Normal,1,Normal
2024-07-01 17:36:00,M02,0.802,0.668,63.77,11.06,0.211,-0.029,-0.043,0,17,2024-07-01,Monday,64.774,0.7712000000000001,11.398,Normal,1,Normal
2024-07-01 17:37:00,M02,0.819,0.595,68.03,12.65,0.1,-0.095,-0.043,0,17,2024-07-01,Monday,65.796,0.7807999999999999,11.716,Normal,1,Normal
2024-07-01 17:38:00,M02,0.794,0.625,68.19,11.32,0.128,0.095,-0.042,0,17,2024-07-01,Monday,66.47200000000001,0.7846,11.752,Normal,1,Normal
2024-07-01 17:39:00,M02,0.825,0.664,64.08,11.62,0.149,-0.128,-0.042,0,17,2024-07-01,Monday,65.83000000000001,0.7968,11.782,Normal,1,Normal
2024-07-01 17:40:00,M02,0.733,0.574,65.4,12.24,0.109,-0.026,-0.041,0,17,2024-07-01,Monday,65.894,0.7946,11.778,Normal,1,Normal
2024-07-01 17:41:00,M02,0.811,0.662,62.9,12.35,0.099,0.093,-0.041,0,17,2024-07-01,Monday,65.72,0.7964,12.036,Normal,1,Normal
2024-07-01 17:42:00,M02,0.771,0.629,62.64,12.71,0.175,0.125,-0.04,0,17,2024-07-01,Monday,64.64200000000001,0.7868,12.048,Normal,1,Normal
2024-07-01 17:43:00,M02,0.746,0.61,65.52,11.01,0.148,0.075,-0.039,0,17,2024-07-01,Monday,64.10799999999999,0.7772,11.986,Normal,1,Normal
2024-07-01 17:44:00,M02,0.821,0.547,62.43,12.78,0.203,0.041,-0.039,0,17,2024-07-01,Monday,63.778,0.7764,12.218,Normal,1,Normal
2024-07-01 17:45:00,M02,0.824,0.635,63.99,12.2,0.2,-0.009,-0.038,0,17,2024-07-01,Monday,63.496,0.7946,12.21,Normal,1,Normal
2024-07-01 17:46:00,M02,0.882,0.553,64.51,12.16,0.211,0.052,-0.037,0,17,2024-07-01,Monday,63.818000000000005,0.8088000000000001,12.172,Normal,1,Normal
2024-07-01 17:47:00,M02,0.734,0.544,63.82,12.53,0.157,-0.081,-0.037,0,17,2024-07-01,Monday,64.054,0.8013999999999999,12.136,Normal,1,Normal
2024-07-01 17:48:00,M02,0.812,0.656,63.18,12.94,0.116,-0.054,-0.036,0,17,2024-07-01,Monday,63.586,0.8145999999999999,12.522,Normal,1,Normal
2024-07-01 17:49:00,M02,0.852,0.596,66.52,11.65,0.232,0.091,-0.035,0,17,2024-07-01,Monday,64.404,0.8208,12.296,Normal,1,Normal
2024-07-01 17:50:00,M02,0.813,0.637,67.91,11.96,0.172,-0.053,-0.035,0,17,2024-07-01,Monday,65.188,0.8186,12.248,Normal,1,Normal
2024-07-01 17:51:00,M02,0.802,0.596,66.51,13.23,0.152,0.094,-0.034,0,17,2024-07-01,Monday,65.588,0.8026,12.462,Normal,1,Normal
2024-07-01 17:52:00,M02,0.775,0.559,64.37,11.39,0.142,0.103,-0.033,0,17,2024-07-01,Monday,65.69800000000001,0.8108000000000001,12.234,Normal,1,Normal
2024-07-01 17:53:00,M02,0.964,0.569,65.94,12.27,0.255,-0.061,-0.032,0,17,2024-07-01,Monday,66.25,0.8412,12.1,Normal,1,Normal
2024-07-01 17:54:00,M02,0.826,0.529,64.72,12.16,0.228,-0.017,-0.032,0,17,2024-07-01,Monday,65.89000000000001,0.836,12.202,Normal,1,Normal
2024-07-01 17:55:00,M02,0.859,0.689,65.49,12.21,0.109,0.035,-0.031,0,17,2024-07-01,Monday,65.40599999999999,0.8452,12.252,Normal,1,Normal
2024-07-01 17:56:00,M02,0.757,0.64,64.52,12.18,0.104,0.023,-0.03,0,17,2024-07-01,Monday,65.008,0.8362,12.042,Normal,1,Normal
2024-07-01 17:57:00,M02,0.817,0.545,68.06,11.36,0.17,-0.013,-0.029,0,17,2024-07-01,Monday,65.74600000000001,0.8446,12.036,Normal,1,Normal
2024-07-01 17:58:00,M02,0.822,0.625,62.81,12.37,0.131,0.041,-0.028,0,17,2024-07-01,Monday,65.12,0.8161999999999999,12.056,Normal,1,Normal
2024-07-01 17:59:00,M02,0.828,0.629,69.28,12.15,0.239,-0.093,-0.028,0,17,2024-07-01,Monday,66.032,0.8166,12.053999999999998,Normal,1,Normal
2024-07-01 08:00:00,M03,0.843,0.519,60.66,12.07,0.197,0.014,0.0,0,8,2024-07-01,Monday,60.66,0.843,12.07,Normal,1,Normal
2024-07-01 08:01:00,M03,0.785,0.566,63.56,11.84,0.231,0.063,0.001,0,8,2024-07-01,Monday,62.11,0.8140000000000001,11.955,Normal,1,Normal
2024-07-01 08:02:00,M03,1.047,0.825,77.67,14.51,0.308,0.121,0.002,1,8,2024-07-01,Monday,67.29666666666667,0.8916666666666666,12.806666666666668,Fault,-1,Fault
2024-07-01 08:03:00,M03,0.785,0.527,67.31,12.07,0.13,-0.009,0.003,0,8,2024-07-01,Monday,67.3,0.865,12.6225,Normal,1,Normal
2024-07-01 08:04:00,M03,0.771,0.64,66.46,11.89,0.079,0.075,0.004,0,8,2024-07-01,Monday,67.13199999999999,0.8462,12.476,Normal,1,Normal
2024-07-01 08:05:00,M03,0.788,0.514,66.85,12.46,0.168,0.012,0.005,0,8,2024-07-01,Monday,68.37,0.8352,12.554,Normal,1,Normal
2024-07-01 08:06:00,M03,1.245,1.001,73.63,14.13,0.304,0.147,0.006,1,8,2024-07-01,Monday,70.38399999999999,0.9272,13.012,Fault,-1,Fault
2024-07-01 08:07:00,M03,0.898,0.586,66.66,12.18,0.179,0.093,0.007,0,8,2024-07-01,Monday,68.18199999999999,0.8974,12.546,Normal,1,Normal
2024-07-01 08:08:00,M03,0.917,0.589,65.07,11.16,0.241,-0.103,0.008,0,8,2024-07-01,Monday,67.734,0.9238,12.364,Normal,1,Normal
2024-07-01 08:09:00,M03,0.811,0.653,65.7,11.85,0.086,0.117,0.009,0,8,2024-07-01,Monday,67.582,0.9318000000000002,12.356,Normal,1,Normal
2024-07-01 08:10:00,M03,0.781,0.609,66.79,12.21,0.227,0.072,0.01,0,8,2024-07-01,Monday,67.57000000000001,0.9304,12.306,Normal,1,Normal
2024-07-01 08:11:00,M03,0.761,0.595,65.06,12.2,0.108,0.098,0.011,0,8,2024-07-01,Monday,65.856,0.8336,11.92,Normal,1,Normal
2024-07-01 08:12:00,M03,0.727,0.658,65.01,12.11,0.133,-0.005,0.012,0,8,2024-07-01,Monday,65.52600000000001,0.7994000000000001,11.906,Normal,1,Normal
2024-07-01 08:13:00,M03,0.837,0.697,63.09,12.07,0.247,-0.104,0.013,0,8,2024-07-01,Monday,65.13000000000001,0.7834,12.088,Normal,1,Normal
2024-07-01 08:14:00,M03,1.197,0.828,79.68,14.66,0.268,0.014,0.014,1,8,2024-07-01,Monday,67.926,0.8606,12.65,Fault,1,Normal
2024-07-01 08:15:00,M03,1.231,0.893,74.28,15.26,0.284,-0.149,0.015,1,8,2024-07-01,Monday,69.424,0.9506,13.26,Fault,-1,Fault
2024-07-01 08:16:00,M03,0.805,0.612,66.09,12.75,0.083,-0.001,0.016,0,8,2024-07-01,Monday,69.63000000000001,0.9594,13.37,Normal,1,Normal
2024-07-01 08:17:00,M03,0.827,0.578,66.36,12.44,0.159,-0.029,0.017,0,8,2024-07-01,Monday,69.9,0.9794,13.436000000000002,Normal,1,Normal
2024-07-01 08:18:00,M03,0.875,0.534,65.43,12.31,0.192,0.035,0.018,0,8,2024-07-01,Monday,70.36800000000001,0.987,13.484,Normal,1,Normal
2024-07-01 08:19:00,M03,1.373,0.977,74.8,15.3,0.36,0.149,0.019,1,8,2024-07-01,Monday,69.39200000000001,1.0222000000000002,13.612,Fault,-1,Fault
2024-07-01 08:20:00,M03,0.918,0.622,63.26,11.75,0.176,0.01,0.019,0,8,2024-07-01,Monday,67.188,0.9596,12.91,Normal,1,Normal
2024-07-01 08:21:00,M03,1.091,0.934,72.9,15.94,0.276,-0.16,0.02,1,8,2024-07-01,Monday,68.55,1.0168,13.547999999999998,Fault,-1,Fault
2024-07-01 08:22:00,M03,1.177,0.96,78.44,14.67,0.139,0.07,0.021,1,8,2024-07-01,Monday,70.96600000000001,1.0868,13.994,Fault,-1,Fault
2024-07-01 08:23:00,M03,0.844,0.575,64.34,11.4,0.138,0.066,0.022,0,8,2024-07-01,Monday,70.748,1.0806,13.812,Normal,1,Normal
2024-07-01 08:24:00,M03,0.761,0.595,62.53,11.87,0.2,-0.105,0.023,0,8,2024-07-01,Monday,68.29400000000001,0.9582,13.126,Normal,1,Normal
2024-07-01 08:25:00,M03,0.823,0.612,65.13,12.05,0.155,-0.1,0.024,0,8,2024-07-01,Monday,68.668,0.9392,13.186000000000002,Normal,1,Normal
2024-07-01 08:26:00,M03,1.16,0.904,77.03,15.03,0.287,-0.04,0.025,1,8,2024-07-01,Monday,69.494,0.953,13.004,Fault,-1,Fault
2024-07-01 08:27:00,M03,0.809,0.542,66.1,12.06,0.201,-0.063,0.026,0,8,2024-07-01,Monday,67.026,0.8794000000000001,12.482,Normal,1,Normal
2024-07-01 08:28:00,M03,0.823,0.578,63.39,12.34,0.176,-0.015,0.027,0,8,2024-07-01,Monday,66.836,0.8752000000000001,12.669999999999998,Normal,1,Normal
2024-07-01 08:29:00,M03,0.817,0.609,64.13,12.18,0.106,0.06,0.027,0,8,2024-07-01,Monday,67.15599999999999,0.8863999999999999,12.732,Normal,1,Normal
2024-07-01 08:30:00,M03,1.159,0.927,76.15,15.55,0.136,-0.012,0.028,1,8,2024-07-01,Monday,69.35999999999999,0.9536,13.432,Fault,-1,Fault
2024-07-01 08:31:00,M03,0.819,0.567,64.8,11.61,0.128,0.102,0.029,0,8,2024-07-01,Monday,66.914,0.8854,12.748,Normal,1,Normal
2024-07-01 08:32:00,M03,0.826,0.598,67.18,11.76,0.225,-0.082,0.03,0,8,2024-07-01,Monday,67.13000000000001,0.8888,12.688,Normal,1,Normal
2024-07-01 08:33:00,M03,0.787,0.679,65.82,12.36,0.143,0.103,0.031,0,8,2024-07-01,Monday,67.616,0.8815999999999999,12.691999999999998,Normal,1,Normal
2024-07-01 08:34:00,M03,0.84,0.657,64.29,11.85,0.115,0.093,0.031,0,8,2024-07-01,Monday,67.648,0.8862,12.626,Normal,1,Normal
2024-07-01 08:35:00,M03,0.765,0.524,65.34,12.2,0.221,-0.086,0.032,0,8,2024-07-01,Monday,65.486,0.8074,11.956,Normal,1,Normal
2024-07-01 08:36:00,M03,0.827,0.615,63.97,12.49,0.157,-0.037,0.033,0,8,2024-07-01,Monday,65.32000000000001,0.8089999999999999,12.132,Normal,1,Normal
2024-07-01 08:37:00,M03,0.77,0.598,62.1,12.16,0.163,0.007,0.034,0,8,2024-07-01,Monday,64.304,0.7978,12.212,Normal,1,Normal
2024-07-01 08:38:00,M03,0.876,0.657,66.35,11.24,0.156,0.045,0.034,0,8,2024-07-01,Monday,64.41,0.8156000000000001,11.988,Normal,1,Normal
2024-07-01 08:39:00,M03,0.979,0.639,58.72,11.79,0.106,-0.116,0.035,0,8,2024-07-01,Monday,63.29600000000001,0.8434000000000001,11.976,Normal,1,Normal
2024-07-01 08:40:00,M03,0.777,0.68,59.45,12.03,0.185,-0.015,0.036,0,8,2024-07-01,Monday,62.11800000000001,0.8458,11.941999999999998,Normal,1,Normal
2024-07-01 08:41:00,M03,0.796,0.546,65.78,12.59,0.136,-0.005,0.037,0,8,2024-07-01,Monday,62.48,0.8396000000000001,11.962,Normal,1,Normal
2024-07-01 08:42:00,M03,0.801,0.514,68.43,12.26,0.202,0.083,0.037,0,8,2024-07-01,Monday,63.746,0.8458,11.982,Normal,1,Normal
2024-07-01 08:43:00,M03,0.819,0.608,63.93,11.85,0.221,0.007,0.038,0,8,2024-07-01,Monday,63.262,0.8344000000000001,12.104,Normal,1,Normal
2024-07-01 08:44:00,M03,0.744,0.68,65.31,11.36,0.197,-0.053,0.039,0,8,2024-07-01,Monday,64.58000000000001,0.7874000000000001,12.018,Normal,1,Normal
2024-07-01 08:45:00,M03,0.819,0.586,65.48,12.09,0.208,0.053,0.039,0,8,2024-07-01,Monday,65.786,0.7958000000000001,12.03,Normal,1,Normal
2024-07-01 08:46:00,M03,0.72,0.567,68.99,12.13,0.198,-0.107,0.04,0,8,2024-07-01,Monday,66.428,0.7806,11.938,Normal,1,Normal
2024-07-01 08:47:00,M03,0.778,0.589,64.57,11.95,0.11,0.076,0.04,0,8,2024-07-01,Monday,65.65599999999999,0.776,11.876,Normal,1,Normal
2024-07-01 08:48:00,M03,0.838,0.515,67.35,12.24,0.088,0.004,0.041,0,8,2024-07-01,Monday,66.34,0.7798,11.954,Normal,1,Normal
2024-07-01 08:49:00,M03,0.745,0.645,64.21,11.89,0.215,0.107,0.042,0,8,2024-07-01,Monday,66.11999999999999,0.78,12.06,Normal,1,Normal
2024-07-01 08:50:00,M03,0.809,0.647,66.39,12.1,0.093,0.002,0.042,0,8,2024-07-01,Monday,66.30199999999999,0.778,12.062,Normal,1,Normal
2024-07-01 08:51:00,M03,0.792,0.673,63.8,12.69,0.12,-0.006,0.043,0,8,2024-07-01,Monday,65.26399999999998,0.7924,12.174,Normal,1,Normal
2024-07-01 08:52:00,M03,0.818,0.61,64.42,11.29,0.214,0.018,0.043,0,8,2024-07-01,Monday,65.23400000000001,0.8004,12.042,Normal,1,Normal
2024-07-01 08:53:00,M03,0.735,0.657,66.73,11.23,0.199,-0.101,0.044,0,8,2024-07-01,Monday,65.11,0.7798,11.84,Normal,1,Normal
2024-07-01 08:54:00,M03,0.754,0.544,64.11,12.15,0.103,-0.012,0.044,0,8,2024-07-01,Monday,65.09,0.7816,11.892,Normal,1,Normal
2024-07-01 08:55:00,M03,0.848,0.609,64.29,12.28,0.158,0.093,0.045,0,8,2024-07-01,Monday,64.67,0.7894,11.928,Normal,1,Normal
2024-07-01 08:56:00,M03,0.822,0.541,65.14,12.6,0.082,-0.054,0.045,0,8,2024-07-01,Monday,64.93800000000002,0.7954,11.91,Normal,1,Normal
2024-07-01 08:57:00,M03,0.874,0.606,64.9,12.24,0.192,-0.075,0.045,0,8,2024-07-01,Monday,65.034,0.8065999999999999,12.1,Normal,1,Normal
2024-07-01 08:58:00,M03,0.792,0.636,66.81,11.76,0.122,-0.076,0.046,0,8,2024-07-01,Monday,65.05,0.818,12.206,Normal,1,Normal
2024-07-01 08:59:00,M03,0.778,0.626,66.6,12.56,0.087,-0.046,0.046,0,8,2024-07-01,Monday,65.548,0.8228,12.288,Normal,1,Normal
2024-07-01 09:00:00,M03,0.895,0.574,63.8,12.13,0.185,-0.055,0.047,0,9,2024-07-01,Monday,65.45,0.8321999999999999,12.258,Normal,1,Normal
2024-07-01 09:01:00,M03,1.243,0.968,80.35,14.16,0.217,0.026,0.047,1,9,2024-07-01,Monday,68.492,0.9164,12.57,Fault,-1,Fault
2024-07-01 09:02:00,M03,0.683,0.574,62.67,11.39,0.084,-0.108,0.047,0,9,2024-07-01,Monday,68.046,0.8782,12.4,Normal,1,Normal
2024-07-01 09:03:00,M03,0.771,0.628,68.53,13.21,0.145,0.095,0.048,0,9,2024-07-01,Monday,68.39,0.874,12.69,Normal,1,Normal
2024-07-01 09:04:00,M03,1.143,0.859,77.78,13.74,0.116,-0.12,0.048,1,9,2024-07-01,Monday,70.626,0.947,12.926000000000002,Fault,-1,Fault
2024-07-01 09:05:00,M03,0.785,0.598,66.06,11.48,0.226,0.077,0.048,0,9,2024-07-01,Monday,71.078,0.925,12.796,Normal,1,Normal
2024-07-01 09:06:00,M03,0.703,0.504,66.35,12.27,0.18,0.045,0.048,0,9,2024-07-01,Monday,68.27799999999999,0.817,12.418,Normal,1,Normal
2024-07-01 09:07:00,M03,0.773,0.61,64.23,12.68,0.166,-0.116,0.049,0,9,2024-07-01,Monday,68.59,0.835,12.676,Normal,1,Normal
2024-07-01 09:08:00,M03,0.827,0.639,65.0,12.31,0.146,-0.039,0.049,0,9,2024-07-01,Monday,67.884,0.8462,12.496,Normal,1,Normal
2024-07-01 09:09:00,M03,0.847,0.552,66.5,10.94,0.088,-0.06,0.049,0,9,2024-07-01,Monday,65.628,0.787,11.936,Normal,1,Normal
2024-07-01 09:10:00,M03,0.765,0.58,64.6,11.69,0.144,0.04,0.049,0,9,2024-07-01,Monday,65.336,0.783,11.978,Normal,1,Normal
2024-07-01 09:11:00,M03,0.821,0.599,64.45,11.39,0.159,-0.107,0.049,0,9,2024-07-01,Monday,64.95599999999999,0.8065999999999999,11.802,Normal,1,Normal
2024-07-01 09:12:00,M03,0.76,0.573,66.23,11.86,0.155,0.09,0.05,0,9,2024-07-01,Monday,65.356,0.8039999999999999,11.638,Normal,1,Normal
2024-07-01 09:13:00,M03,0.83,0.54,64.64,12.35,0.172,0.015,0.05,0,9,2024-07-01,Monday,65.28399999999999,0.8046,11.646,Normal,1,Normal
2024-07-01 09:14:00,M03,0.801,0.595,66.53,12.07,0.156,-0.054,0.05,0,9,2024-07-01,Monday,65.28999999999999,0.7954,11.872,Normal,1,Normal
2024-07-01 09:15:00,M03,0.863,0.613,62.22,12.6,0.152,-0.113,0.05,0,9,2024-07-01,Monday,64.81400000000001,0.8149999999999998,12.054,Normal,1,Normal
2024-07-01 09:16:00,M03,0.77,0.528,64.23,12.3,0.146,-0.102,0.05,0,9,2024-07-01,Monday,64.77,0.8048,12.236,Normal,1,Normal
2024-07-01 09:17:00,M03,0.819,0.584,65.66,12.3,0.131,0.031,0.05,0,9,2024-07-01,Monday,64.656,0.8166,12.324,Normal,1,Normal
2024-07-01 09:18:00,M03,0.811,0.608,63.3,12.39,0.152,-0.018,0.05,0,9,2024-07-01,Monday,64.38799999999999,0.8128,12.332,Normal,1,Normal
2024-07-01 09:19:00,M03,0.761,0.626,68.47,11.81,0.101,-0.002,0.05,0,9,2024-07-01,Monday,64.776,0.8048,12.28,Normal,1,Normal
2024-07-01 09:20:00,M03,0.766,0.552,62.86,12.19,0.092,0.084,0.05,0,9,2024-07-01,Monday,64.904,0.7854,12.198,Normal,1,Normal
2024-07-01 09:21:00,M03,0.711,0.566,62.83,11.77,0.13,0.08,0.05,0,9,2024-07-01,Monday,64.624,0.7736,12.092,Normal,1,Normal
2024-07-01 09:22:00,M03,0.869,0.557,63.14,11.64,0.24,-0.065,0.05,0,9,2024-07-01,Monday,64.11999999999999,0.7836000000000001,11.96,Normal,1,Normal
2024-07-01 09:23:00,M03,0.831,0.552,64.85,11.69,0.176,0.079,0.05,0,9,2024-07-01,Monday,64.42999999999999,0.7876000000000001,11.82,Normal,1,Normal
2024-07-01 09:24:00,M03,0.917,0.538,62.24,11.82,0.162,0.058,0.05,0,9,2024-07-01,Monday,63.184000000000005,0.8188000000000001,11.822,Normal,1,Normal
2024-07-01 09:25:00,M03,0.759,0.621,61.45,12.68,0.217,0.034,0.05,0,9,2024-07-01,Monday,62.902,0.8173999999999999,11.92,Normal,1,Normal
2024-07-01 09:26:00,M03,0.739,0.668,66.07,11.62,0.182,-0.066,0.049,0,9,2024-07-01,Monday,63.55,0.8230000000000001,11.89,Normal,1,Normal
2024-07-01 09:27:00,M03,0.866,0.502,65.57,11.7,0.243,-0.045,0.049,0,9,2024-07-01,Monday,64.036,0.8224,11.902,Normal,1,Normal
2024-07-01 09:28:00,M03,0.808,0.628,65.48,12.0,0.089,-0.117,0.049,0,9,2024-07-01,Monday,64.162,0.8178000000000001,11.964,Normal,1,Normal
2024-07-01 09:29:00,M03,0.844,0.522,62.28,12.2,0.166,0.059,0.049,0,9,2024-07-01,Monday,64.16999999999999,0.8032,12.04,Normal,1,Normal
2024-07-01 09:30:00,M03,0.79,0.584,59.98,12.13,0.146,-0.028,0.049,0,9,2024-07-01,Monday,63.876,0.8093999999999999,11.93,Normal,1,Normal
2024-07-01 09:31:00,M03,0.792,0.581,66.07,11.44,0.226,0.057,0.048,0,9,2024-07-01,Monday,63.876,0.82,11.894,Normal,1,Normal
2024-07-01 09:32:00,M03,0.757,0.512,67.74,11.38,0.213,0.045,0.048,0,9,2024-07-01,Monday,64.31,0.7982000000000001,11.83,Normal,1,Normal
2024-07-01 09:33:00,M03,0.763,0.637,65.85,11.53,0.133,-0.017,0.048,0,9,2024-07-01,Monday,64.38399999999999,0.7892,11.736,Normal,1,Normal
2024-07-01 09:34:00,M03,0.704,0.559,64.85,11.81,0.089,0.005,0.048,0,9,2024-07-01,Monday,64.898,0.7612,11.658,Normal,1,Normal
2024-07-01 09:35:00,M03,0.829,0.677,67.4,11.3,0.204,-0.066,0.047,0,9,2024-07-01,Monday,66.38199999999999,0.769,11.492,Normal,1,Normal
2024-07-01 09:36:00,M03,0.801,0.63,65.51,11.61,0.119,0.027,0.047,0,9,2024-07-01,Monday,66.27000000000001,0.7708,11.526,Normal,1,Normal
2024-07-01 09:37:00,M03,1.131,0.765,83.43,14.89,0.226,0.012,0.047,1,9,2024-07-01,Monday,69.40799999999999,0.8455999999999999,12.228,Fault,-1,Fault
2024-07-01 09:38:00,M03,0.803,0.611,62.41,12.04,0.086,-0.039,0.046,0,9,2024-07-01,Monday,68.72,0.8535999999999999,12.33,Normal,1,Normal
2024-07-01 09:39:00,M03,0.787,0.635,63.99,11.89,0.121,-0.126,0.046,0,9,2024-07-01,Monday,68.548,0.8702,12.346,Normal,1,Normal
2024-07-01 09:40:00,M03,0.76,0.573,63.11,11.93,0.223,0.057,0.045,0,9,2024-07-01,Monday,67.69000000000001,0.8564,12.472,Normal,1,Normal
2024-07-01 09:41:00,M03,0.836,0.578,67.42,11.67,0.223,0.022,0.045,0,9,2024-07-01,Monday,68.072,0.8634000000000001,12.484,Normal,1,Normal
2024-07-01 09:42:00,M03,0.792,0.551,68.54,11.72,0.173,-0.049,0.045,0,9,2024-07-01,Monday,65.094,0.7956000000000001,11.85,Normal,1,Normal
2024-07-01 09:43:00,M03,0.842,0.614,67.68,12.14,0.202,0.088,0.044,0,9,2024-07-01,Monday,66.148,0.8034000000000001,11.87,Normal,1,Normal
2024-07-01 09:44:00,M03,0.691,0.573,67.02,12.4,0.107,0.088,0.044,0,9,2024-07-01,Monday,66.75399999999999,0.7842,11.972,Normal,1,Normal
2024-07-01 09:45:00,M03,0.792,0.616,63.44,12.36,0.182,0.103,0.043,0,9,2024-07-01,Monday,66.82000000000001,0.7906,12.058,Normal,1,Normal
2024-07-01 09:46:00,M03,0.736,0.639,66.52,12.08,0.211,-0.058,0.043,0,9,2024-07-01,Monday,66.64000000000001,0.7706000000000001,12.14,Normal,1,Normal
2024-07-01 09:47:00,M03,0.796,0.569,64.47,12.37,0.224,0.03,0.042,0,9,2024-07-01,Monday,65.826,0.7714,12.27,Normal,1,Normal
2024-07-01 09:48:00,M03,0.861,0.568,63.65,12.29,0.14,-0.11,0.042,0,9,2024-07-01,Monday,65.02000000000001,0.7752,12.3,Normal,1,Normal
2024-07-01 09:49:00,M03,0.796,0.567,65.7,11.63,0.209,0.095,0.041,0,9,2024-07-01,Monday,64.756,0.7962,12.146,Normal,1,Normal
2024-07-01 09:50:00,M03,1.283,0.924,74.54,14.85,0.284,0.075,0.04,1,9,2024-07-01,Monday,66.97600000000001,0.8943999999999999,12.644,Fault,-1,Fault
2024-07-01 09:51:00,M03,0.948,0.598,66.44,13.18,0.1,0.076,0.04,0,9,2024-07-01,Monday,66.96000000000001,0.9368,12.864,Normal,1,Normal
2024-07-01 09:52:00,M03,0.837,0.618,66.36,11.55,0.229,-0.006,0.039,0,9,2024-07-01,Monday,67.33800000000001,0.945,12.7,Normal,1,Normal
2024-07-01 09:53:00,M03,0.796,0.54,66.55,12.18,0.085,0.01,0.039,0,9,2024-07-01,Monday,67.91799999999999,0.932,12.678,Normal,1,Normal
2024-07-01 09:54:00,M03,0.695,0.616,62.05,12.09,0.087,0.109,0.038,0,9,2024-07-01,Monday,67.188,0.9118,12.77,Normal,1,Normal
2024-07-01 09:55:00,M03,0.794,0.618,63.33,13.22,0.099,-0.073,0.037,0,9,2024-07-01,Monday,64.946,0.8140000000000001,12.444,Normal,1,Normal
2024-07-01 09:56:00,M03,0.787,0.607,66.99,12.21,0.106,-0.054,0.037,0,9,2024-07-01,Monday,65.056,0.7817999999999999,12.25,Normal,1,Normal
2024-07-01 09:57:00,M03,0.77,0.56,65.73,12.17,0.14,-0.029,0.036,0,9,2024-07-01,Monday,64.92999999999999,0.7684000000000001,12.374,Normal,1,Normal
2024-07-01 09:58:00,M03,0.759,0.658,62.47,11.89,0.205,-0.097,0.035,0,9,2024-07-01,Monday,64.114,0.761,12.316,Normal,1,Normal
2024-07-01 09:59:00,M03,0.786,0.695,67.77,12.44,0.133,-0.1,0.035,0,9,2024-07-01,Monday,65.258,0.7792000000000001,12.386,Normal,1,Normal
2024-07-01 10:00:00,M03,0.733,0.679,67.27,12.19,0.21,0.085,0.034,0,10,2024-07-01,Monday,66.046,0.767,12.18,Normal,1,Normal
2024-07-01 10:01:00,M03,1.117,0.814,75.25,15.14,0.225,-0.155,0.033,1,10,2024-07-01,Monday,67.69800000000001,0.833,12.766,Fault,-1,Fault
2024-07-01 10:02:00,M03,0.822,0.621,69.51,12.14,0.242,0.036,0.032,0,10,2024-07-01,Monday,68.454,0.8433999999999999,12.76,Normal,1,Normal
2024-07-01 10:03:00,M03,1.242,0.755,80.39,15.75,0.308,-0.025,0.032,1,10,2024-07-01,Monday,72.038,0.9399999999999998,13.532,Fault,-1,Fault
2024-07-01 10:04:00,M03,0.89,0.611,65.04,11.13,0.241,0.054,0.031,0,10,2024-07-01,Monday,71.49199999999999,0.9608,13.27,Normal,1,Normal
2024-07-01 10:05:00,M03,0.829,0.63,66.89,12.53,0.247,0.083,0.03,0,10,2024-07-01,Monday,71.416,0.98,13.338,Normal,1,Normal
2024-07-01 10:06:00,M03,0.848,0.642,62.29,11.13,0.179,0.116,0.029,0,10,2024-07-01,Monday,68.824,0.9262,12.536,Normal,1,Normal
2024-07-01 10:07:00,M03,0.799,0.595,64.65,11.95,0.15,0.081,0.028,0,10,2024-07-01,Monday,67.852,0.9216,12.498,Normal,1,Normal
2024-07-01 10:08:00,M03,0.843,0.599,63.86,11.81,0.099,0.081,0.027,0,10,2024-07-01,Monday,64.546,0.8417999999999999,11.71,Normal,1,Normal
2024-07-01 10:09:00,M03,0.761,0.668,63.61,12.29,0.197,0.083,0.027,0,10,2024-07-01,Monday,64.26,0.8160000000000001,11.942,Normal,1,Normal
2024-07-01 10:10:00,M03,0.89,0.623,67.89,11.58,0.236,0.124,0.026,0,10,2024-07-01,Monday,64.46000000000001,0.8282,11.752,Normal,1,Normal
2024-07-01 10:11:00,M03,0.916,0.55,66.29,11.72,0.25,-0.043,0.025,0,10,2024-07-01,Monday,65.26,0.8418000000000001,11.87,Normal,1,Normal
2024-07-01 10:12:00,M03,0.855,0.547,63.26,11.87,0.114,-0.053,0.024,0,10,2024-07-01,Monday,64.982,0.853,11.854,Normal,1,Normal
2024-07-01 10:13:00,M03,0.739,0.56,65.04,12.16,0.109,0.016,0.023,0,10,2024-07-01,Monday,65.218,0.8321999999999999,11.924,Normal,1,Normal
2024-07-01 10:14:00,M03,1.14,0.882,77.29,15.69,0.127,0.103,0.022,1,10,2024-07-01,Monday,67.95400000000001,0.9079999999999998,12.604,Fault,-1,Fault
2024-07-01 10:15:00,M03,0.748,0.709,66.56,11.96,0.222,-0.109,0.021,0,10,2024-07-01,Monday,67.68800000000002,0.8795999999999999,12.68,Normal,1,Normal
2024-07-01 10:16:00,M03,0.703,0.462,68.41,11.97,0.15,0.021,0.02,0,10,2024-07-01,Monday,68.112,0.837,12.73,Normal,1,Normal
2024-07-01 10:17:00,M03,0.791,0.616,63.01,12.3,0.195,-0.006,0.02,0,10,2024-07-01,Monday,68.062,0.8242,12.816,Normal,1,Normal
2024-07-01 10:18:00,M03,0.762,0.65,62.39,11.09,0.165,-0.054,0.019,0,10,2024-07-01,Monday,67.53200000000001,0.8288,12.602,Normal,1,Normal
2024-07-01 10:19:00,M03,0.858,0.53,63.16,12.03,0.15,0.059,0.018,0,10,2024-07-01,Monday,64.70599999999999,0.7724,11.87,Normal,1,Normal
2024-07-01 10:20:00,M03,0.735,0.58,62.85,12.12,0.086,-0.072,0.017,0,10,2024-07-01,Monday,63.964,0.7697999999999999,11.902,Normal,1,Normal
2024-07-01 10:21:00,M03,0.745,0.627,64.98,11.72,0.152,-0.105,0.016,0,10,2024-07-01,Monday,63.278,0.7782,11.852,Normal,1,Normal
2024-07-01 10:22:00,M03,0.817,0.562,65.35,11.85,0.153,-0.11,0.015,0,10,2024-07-01,Monday,63.746,0.7834,11.762,Normal,1,Normal
2024-07-01 10:23:00,M03,0.826,0.578,63.06,11.77,0.149,-0.004,0.014,0,10,2024-07-01,Monday,63.88,0.7962,11.898,Normal,1,Normal
2024-07-01 10:24:00,M03,0.819,0.604,67.1,11.81,0.228,-0.05,0.013,0,10,2024-07-01,Monday,64.66799999999999,0.7884,11.854,Normal,1,Normal
2024-07-01 10:25:00,M03,0.761,0.665,62.72,13.01,0.16,0.028,0.012,0,10,2024-07-01,Monday,64.64200000000001,0.7936,12.032,Normal,1,Normal
2024-07-01 10:26:00,M03,0.807,0.577,67.84,12.14,0.155,-0.086,0.011,0,10,2024-07-01,Monday,65.214,0.8059999999999998,12.116,Normal,1,Normal
2024-07-01 10:27:00,M03,0.814,0.6,63.18,11.98,0.12,0.011,0.01,0,10,2024-07-01,Monday,64.78,0.8054,12.142,Normal,1,Normal
2024-07-01 10:28:00,M03,0.851,0.666,64.71,11.62,0.237,-0.072,0.009,0,10,2024-07-01,Monday,65.11,0.8103999999999999,12.112,Normal,1,Normal
2024-07-01 10:29:00,M03,0.783,0.514,67.53,11.92,0.119,0.023,0.008,0,10,2024-07-01,Monday,65.196,0.8032,12.134,Normal,1,Normal
2024-07-01 10:30:00,M03,0.801,0.674,60.28,12.27,0.222,-0.002,0.007,0,10,2024-07-01,Monday,64.708,0.8112,11.986,Normal,1,Normal
2024-07-01 10:31:00,M03,0.868,0.543,66.71,11.62,0.109,-0.003,0.006,0,10,2024-07-01,Monday,64.482,0.8234,11.882,Normal,1,Normal
2024-07-01 10:32:00,M03,0.805,0.666,66.37,11.83,0.232,-0.037,0.005,0,10,2024-07-01,Monday,65.11999999999999,0.8215999999999999,11.852,Normal,1,Normal
2024-07-01 10:33:00,M03,1.313,0.877,80.95,15.76,0.185,-0.079,0.004,1,10,2024-07-01,Monday,68.36800000000001,0.914,12.68,Fault,-1,Fault
2024-07-01 10:34:00,M03,0.815,0.66,61.68,12.18,0.241,0.034,0.003,0,10,2024-07-01,Monday,67.19800000000001,0.9204,12.732,Normal,1,Normal
2024-07-01 10:35:00,M03,0.855,0.576,64.39,11.73,0.189,0.11,0.002,0,10,2024-07-01,Monday,68.02000000000001,0.9312,12.624,Normal,1,Normal
2024-07-01 10:36:00,M03,0.81,0.585,68.69,12.26,0.171,0.003,0.001,0,10,2024-07-01,Monday,68.41600000000001,0.9196,12.752,Normal,1,Normal
2024-07-01 10:37:00,M03,0.829,0.609,66.2,12.91,0.206,0.029,0.0,0,10,2024-07-01,Monday,68.382,0.9244,12.968,Normal,1,Normal
2024-07-01 10:38:00,M03,0.843,0.62,66.77,12.22,0.113,0.054,-0.001,0,10,2024-07-01,Monday,65.546,0.8304,12.26,Normal,1,Normal
2024-07-01 10:39:00,M03,0.762,0.61,63.1,12.16,0.205,-0.074,-0.002,0,10,2024-07-01,Monday,65.83000000000001,0.8198000000000001,12.256,Normal,1,Normal
2024-07-01 10:40:00,M03,0.854,0.57,64.48,12.37,0.087,-0.112,-0.003,0,10,2024-07-01,Monday,65.848,0.8196,12.384,Normal,1,Normal
2024-07-01 10:41:00,M03,0.873,0.653,68.73,11.58,0.216,0.026,-0.004,0,10,2024-07-01,Monday,65.85600000000001,0.8321999999999999,12.248,Normal,1,Normal
2024-07-01 10:42:00,M03,0.792,0.556,64.24,12.6,0.159,0.053,-0.005,0,10,2024-07-01,Monday,65.464,0.8248000000000001,12.186,Normal,1,Normal
2024-07-01 10:43:00,M03,0.711,0.727,63.08,11.97,0.186,0.129,-0.006,0,10,2024-07-01,Monday,64.726,0.7984,12.136,Normal,1,Normal
2024-07-01 10:44:00,M03,0.716,0.52,63.05,12.06,0.191,-0.08,-0.007,0,10,2024-07-01,Monday,64.716,0.7891999999999999,12.116,Normal,1,Normal
2024-07-01 10:45:00,M03,0.863,0.586,64.9,11.95,0.172,-0.016,-0.008,0,10,2024-07-01,Monday,64.8,0.791,12.032,Normal,1,Normal
2024-07-01 10:46:00,M03,1.072,0.875,79.85,15.48,0.212,-0.106,-0.009,1,10,2024-07-01,Monday,67.024,0.8308,12.812,Fault,-1,Fault
2024-07-01 10:47:00,M03,1.144,0.883,78.89,14.36,0.18,-0.177,-0.01,1,10,2024-07-01,Monday,69.954,0.9012,13.164,Fault,-1,Fault
2024-07-01 10:48:00,M03,0.75,0.628,67.44,11.96,0.189,0.019,-0.011,0,10,2024-07-01,Monday,70.826,0.909,13.162,Normal,1,Normal
2024-07-01 10:49:00,M03,0.705,0.637,63.52,12.01,0.202,-0.017,-0.012,0,10,2024-07-01,Monday,70.92,0.9068,13.152,Normal,1,Normal
2024-07-01 10:50:00,M03,0.775,0.617,65.58,11.83,0.106,-0.043,-0.013,0,10,2024-07-01,Monday,71.05600000000001,0.8892,13.128,Normal,1,Normal
2024-07-01 10:51:00,M03,0.755,0.51,65.04,12.16,0.11,-0.002,-0.014,0,10,2024-07-01,Monday,68.09400000000001,0.8257999999999999,12.464,Normal,1,Normal
2024-07-01 10:52:00,M03,0.749,0.632,63.34,11.27,0.21,0.035,-0.015,0,10,2024-07-01,Monday,64.98400000000001,0.7468,11.846,Normal,1,Normal
2024-07-01 10:53:00,M03,1.062,0.945,76.55,15.52,0.225,-0.118,-0.016,1,10,2024-07-01,Monday,66.80600000000001,0.8091999999999999,12.558,Fault,-1,Fault
2024-07-01 10:54:00,M03,0.736,0.565,63.45,13.59,0.167,0.055,-0.017,0,10,2024-07-01,Monday,66.792,0.8154,12.874,Normal,1,Normal
2024-07-01 10:55:00,M03,0.748,0.565,63.95,11.44,0.204,0.068,-0.018,0,10,2024-07-01,Monday,66.46600000000001,0.8099999999999999,12.796,Normal,1,Normal
2024-07-01 10:56:00,M03,0.777,0.688,62.62,11.05,0.086,-0.078,-0.018,0,10,2024-07-01,Monday,65.982,0.8144,12.574000000000002,Normal,1,Normal
2024-07-01 10:57:00,M03,0.857,0.602,67.09,11.96,0.137,-0.082,-0.019,0,10,2024-07-01,Monday,66.732,0.8360000000000001,12.712,Normal,1,Normal
2024-07-01 10:58:00,M03,0.824,0.636,62.51,11.67,0.117,0.089,-0.02,0,10,2024-07-01,Monday,63.924,0.7884,11.942,Normal,1,Normal
2024-07-01 10:59:00,M03,0.784,0.61,66.01,11.33,0.179,0.101,-0.021,0,10,2024-07-01,Monday,64.436,0.798,11.49,Normal,1,Normal
2024-07-01 11:00:00,M03,1.23,0.998,75.37,13.95,0.243,0.175,-0.022,1,11,2024-07-01,Monday,66.72,0.8943999999999999,11.992,Fault,-1,Fault
2024-07-01 11:01:00,M03,0.766,0.612,64.36,12.16,0.195,0.026,-0.023,0,11,2024-07-01,Monday,67.06800000000001,0.8922000000000001,12.214,Normal,1,Normal
2024-07-01 11:02:00,M03,0.856,0.573,66.05,11.4,0.148,-0.085,-0.024,0,11,2024-07-01,Monday,66.86,0.892,12.102,Normal,1,Normal
2024-07-01 11:03:00,M03,0.742,0.475,64.79,12.31,0.115,-0.007,-0.025,0,11,2024-07-01,Monday,67.316,0.8756,12.23,Normal,1,Normal
2024-07-01 11:04:00,M03,0.919,0.575,66.39,12.02,0.125,0.097,-0.026,0,11,2024-07-01,Monday,67.39200000000001,0.9026,12.368,Normal,1,Normal
2024-07-01 11:05:00,M03,0.813,0.608,63.16,12.18,0.206,0.119,-0.026,0,11,2024-07-01,Monday,64.95,0.8192,12.014,Normal,1,Normal
2024-07-01 11:06:00,M03,0.859,0.667,62.5,11.63,0.127,0.118,-0.027,0,11,2024-07-01,Monday,64.578,0.8378,11.908,Normal,1,Normal
2024-07-01 11:07:00,M03,0.855,0.572,64.4,11.78,0.188,0.082,-0.028,0,11,2024-07-01,Monday,64.248,0.8375999999999999,11.984,Normal,1,Normal
2024-07-01 11:08:00,M03,0.847,0.605,63.16,11.36,0.159,0.103,-0.029,0,11,2024-07-01,Monday,63.922,0.8586,11.794,Normal,1,Normal
2024-07-01 11:09:00,M03,0.823,0.577,66.81,11.99,0.201,0.046,-0.03,0,11,2024-07-01,Monday,64.006,0.8394,11.788,Normal,1,Normal
2024-07-01 11:10:00,M03,0.843,0.618,64.06,11.81,0.117,0.03,-0.031,0,11,2024-07-01,Monday,64.186,0.8453999999999999,11.714,Normal,1,Normal
2024-07-01 11:11:00,M03,0.747,0.608,65.2,12.79,0.147,-0.11,-0.031,0,11,2024-07-01,Monday,64.72600000000001,0.8230000000000001,11.946,Normal,1,Normal
2024-07-01 11:12:00,M03,0.791,0.662,61.35,12.87,0.234,0.045,-0.032,0,11,2024-07-01,Monday,64.116,0.8102,12.164,Normal,1,Normal
2024-07-01 11:13:00,M03,0.719,0.573,64.71,12.58,0.15,-0.101,-0.033,0,11,2024-07-01,Monday,64.426,0.7846,12.407999999999998,Normal,1,Normal
2024-07-01 11:14:00,M03,0.785,0.518,66.44,11.26,0.223,-0.043,-0.034,0,11,2024-07-01,Monday,64.352,0.7769999999999999,12.262,Normal,1,Normal
2024-07-01 11:15:00,M03,0.774,0.709,64.15,12.23,0.116,0.105,-0.034,0,11,2024-07-01,Monday,64.37,0.7632,12.346,Normal,1,Normal
2024-07-01 11:16:00,M03,0.789,0.563,64.98,12.29,0.195,0.052,-0.035,0,11,2024-07-01,Monday,64.326,0.7716000000000001,12.246,Normal,1,Normal
2024-07-01 11:17:00,M03,1.208,0.882,73.06,14.16,0.203,0.131,-0.036,1,11,2024-07-01,Monday,66.66799999999999,0.8550000000000001,12.504,Fault,-1,Fault
2024-07-01 11:18:00,M03,0.865,0.606,64.1,11.95,0.153,-0.032,-0.037,0,11,2024-07-01,Monday,66.546,0.8841999999999999,12.377999999999998,Normal,1,Normal
2024-07-01 11:19:00,M03,1.097,1.016,77.44,15.28,0.326,-0.179,-0.037,1,11,2024-07-01,Monday,68.74600000000001,0.9466,13.182,Fault,-1,Fault
2024-07-01 11:20:00,M03,0.76,0.552,64.8,12.34,0.155,0.036,-0.038,0,11,2024-07-01,Monday,68.876,0.9438,13.204,Normal,1,Normal
2024-07-01 11:21:00,M03,0.757,0.668,64.42,12.86,0.194,0.024,-0.038,0,11,2024-07-01,Monday,68.764,0.9374,13.318,Normal,1,Normal
2024-07-01 11:22:00,M03,0.817,0.586,63.61,10.7,0.114,-0.112,-0.039,0,11,2024-07-01,Monday,66.874,0.8591999999999999,12.626,Normal,1,Normal
2024-07-01 11:23:00,M03,0.739,0.628,69.55,12.71,0.205,-0.117,-0.04,0,11,2024-07-01,Monday,67.964,0.834,12.778,Normal,1,Normal
2024-07-01 11:24:00,M03,0.751,0.618,63.61,11.49,0.097,0.039,-0.04,0,11,2024-07-01,Monday,65.19800000000001,0.7647999999999999,12.02,Normal,1,Normal
2024-07-01 11:25:00,M03,0.774,0.622,66.14,12.37,0.125,-0.02,-0.041,0,11,2024-07-01,Monday,65.46600000000001,0.7676000000000001,12.026,Normal,1,Normal
2024-07-01 11:26:00,M03,0.777,0.642,68.11,11.76,0.223,0.098,-0.041,0,11,2024-07-01,Monday,66.204,0.7716000000000001,11.806,Normal,1,Normal
2024-07-01 11:27:00,M03,0.727,0.546,63.02,12.24,0.084,-0.104,-0.042,0,11,2024-07-01,Monday,66.086,0.7535999999999999,12.114,Normal,1,Normal
2024-07-01 11:28:00,M03,0.862,0.51,61.91,11.94,0.201,0.089,-0.043,0,11,2024-07-01,Monday,64.55799999999999,0.7782,11.96,Normal,1,Normal
2024-07-01 11:29:00,M03,0.851,0.555,66.9,11.32,0.115,0.1,-0.043,0,11,2024-07-01,Monday,65.216,0.7982,11.925999999999998,Normal,1,Normal
2024-07-01 11:30:00,M03,0.804,0.576,62.47,11.47,0.123,-0.021,-0.044,0,11,2024-07-01,Monday,64.482,0.8042,11.746,Normal,1,Normal
2024-07-01 11:31:00,M03,0.683,0.625,63.31,12.18,0.112,0.106,-0.044,0,11,2024-07-01,Monday,63.522000000000006,0.7854,11.830000000000002,Normal,1,Normal
2024-07-01 11:32:00,M03,0.726,0.483,62.47,12.61,0.133,-0.018,-0.045,0,11,2024-07-01,Monday,63.412,0.7852,11.904,Normal,1,Normal
2024-07-01 11:33:00,M03,0.804,0.61,67.85,12.26,0.23,-0.073,-0.045,0,11,2024-07-01,Monday,64.6,0.7736000000000001,11.968,Normal,1,Normal
2024-07-01 11:34:00,M03,0.773,0.665,64.54,12.42,0.108,-0.091,-0.045,0,11,2024-07-01,Monday,64.12800000000001,0.758,12.188,Normal,1,Normal
2024-07-01 11:35:00,M03,1.141,1.033,76.27,15.48,0.212,-0.035,-0.046,1,11,2024-07-01,Monday,66.888,0.8253999999999999,12.99,Fault,-1,Fault
2024-07-01 11:36:00,M03,1.238,0.877,78.12,14.69,0.256,-0.068,-0.046,1,11,2024-07-01,Monday,69.85,0.9364,13.492,Fault,-1,Fault
2024-07-01 11:37:00,M03,0.833,0.625,62.63,11.82,0.238,-0.011,-0.047,0,11,2024-07-01,Monday,69.88199999999999,0.9578,13.334,Normal,1,Normal
2024-07-01 11:38:00,M03,0.784,0.568,65.59,11.94,0.208,0.005,-0.047,0,11,2024-07-01,Monday,69.42999999999999,0.9538,13.27,Normal,1,Normal
2024-07-01 11:39:00,M03,0.873,0.585,64.47,11.65,0.176,0.095,-0.047,0,11,2024-07-01,Monday,69.416,0.9738,13.116,Normal,1,Normal
2024-07-01 11:40:00,M03,0.842,0.563,66.06,11.09,0.168,0.031,-0.048,0,11,2024-07-01,Monday,67.374,0.914,12.238,Normal,1,Normal
2024-07-01 11:41:00,M03,0.751,0.538,67.76,12.12,0.105,-0.088,-0.048,0,11,2024-07-01,Monday,65.30199999999999,0.8166,11.724,Normal,1,Normal
2024-07-01 11:42:00,M03,0.812,0.635,64.2,12.05,0.101,-0.035,-0.048,0,11,2024-07-01,Monday,65.61600000000001,0.8123999999999999,11.77,Normal,1,Normal
2024-07-01 11:43:00,M03,0.833,0.57,68.52,12.27,0.09,0.042,-0.048,0,11,2024-07-01,Monday,66.202,0.8221999999999999,11.836,Normal,1,Normal
2024-07-01 11:44:00,M03,0.747,0.562,67.64,12.5,0.116,-0.003,-0.049,0,11,2024-07-01,Monday,66.836,0.7969999999999999,12.006,Normal,1,Normal
2024-07-01 11:45:00,M03,0.836,0.596,62.09,11.66,0.113,-0.023,-0.049,0,11,2024-07-01,Monday,66.042,0.7958000000000001,12.12,Normal,1,Normal
2024-07-01 11:46:00,M03,0.764,0.659,61.26,11.47,0.179,-0.046,-0.049,0,11,2024-07-01,Monday,64.742,0.7984,11.99,Normal,1,Normal
2024-07-01 11:47:00,M03,0.818,0.609,65.96,11.4,0.187,-0.054,-0.049,0,11,2024-07-01,Monday,65.094,0.7996,11.86,Normal,1,Normal
2024-07-01 11:48:00,M03,0.776,0.584,67.71,12.86,0.208,-0.074,-0.049,0,11,2024-07-01,Monday,64.93199999999999,0.7882,11.978,Normal,1,Normal
2024-07-01 11:49:00,M03,0.771,0.531,69.71,11.72,0.195,-0.104,-0.05,0,11,2024-07-01,Monday,65.346,0.7929999999999999,11.822,Normal,1,Normal
2024-07-01 11:50:00,M03,0.84,0.509,65.11,11.28,0.226,0.077,-0.05,0,11,2024-07-01,Monday,65.94999999999999,0.7938,11.746,Normal,1,Normal
2024-07-01 11:51:00,M03,0.802,0.583,65.01,12.14,0.237,-0.072,-0.05,0,11,2024-07-01,Monday,66.7,0.8014000000000001,11.88,Normal,1,Normal
2024-07-01 11:52:00,M03,0.791,0.63,60.7,12.55,0.201,-0.002,-0.05,0,11,2024-07-01,Monday,65.648,0.796,12.11,Normal,1,Normal
2024-07-01 11:53:00,M03,0.738,0.653,65.48,11.16,0.107,0.11,-0.05,0,11,2024-07-01,Monday,65.202,0.7884,11.77,Normal,1,Normal
2024-07-01 11:54:00,M03,0.711,0.568,65.35,12.0,0.207,-0.099,-0.05,0,11,2024-07-01,Monday,64.33,0.7764,11.826,Normal,1,Normal
2024-07-01 11:55:00,M03,0.809,0.641,62.76,11.27,0.184,0.021,-0.05,0,11,2024-07-01,Monday,63.86,0.7702,11.824,Normal,1,Normal
2024-07-01 11:56:00,M03,0.799,0.537,66.45,12.25,0.139,0.081,-0.05,0,11,2024-07-01,Monday,64.148,0.7696000000000001,11.846,Normal,1,Normal
2024-07-01 11:57:00,M03,0.778,0.611,61.37,12.22,0.138,-0.03,-0.05,0,11,2024-07-01,Monday,64.28200000000001,0.7670000000000001,11.78,Normal,1,Normal
2024-07-01 11:58:00,M03,0.753,0.561,62.39,11.24,0.192,-0.017,-0.05,0,11,2024-07-01,Monday,63.664,0.7700000000000001,11.796,Normal,1,Normal
2024-07-01 11:59:00,M03,0.815,0.626,62.2,11.69,0.199,-0.012,-0.05,0,11,2024-07-01,Monday,63.034000000000006,0.7908,11.734,Normal,1,Normal
2024-07-01 12:00:00,M03,0.794,0.57,64.36,12.48,0.138,0.023,-0.05,0,12,2024-07-01,Monday,63.354,0.7878000000000001,11.976,Normal,1,Normal
2024-07-01 12:01:00,M03,0.756,0.61,63.55,12.61,0.124,-0.064,-0.05,0,12,2024-07-01,Monday,62.774,0.7792,12.048,Normal,1,Normal
2024-07-01 12:02:00,M03,1.227,0.929,76.53,13.37,0.296,-0.124,-0.05,1,12,2024-07-01,Monday,65.806,0.869,12.278,Fault,-1,Fault
2024-07-01 12:03:00,M03,0.832,0.638,66.62,11.49,0.239,0.044,-0.049,0,12,2024-07-01,Monday,66.652,0.8847999999999999,12.328,Normal,1,Normal
2024-07-01 12:04:00,M03,0.837,0.608,66.97,11.73,0.154,-0.077,-0.049,0,12,2024-07-01,Monday,67.60600000000001,0.8892000000000001,12.336,Normal,1,Normal
2024-07-01 12:05:00,M03,1.113,0.975,77.63,13.58,0.132,0.011,-0.049,1,12,2024-07-01,Monday,70.26,0.953,12.556,Fault,-1,Fault
2024-07-01 12:06:00,M03,0.793,0.666,63.22,11.65,0.105,0.022,-0.049,0,12,2024-07-01,Monday,70.19399999999999,0.9604,12.364,Normal,1,Normal
2024-07-01 12:07:00,M03,0.691,0.605,66.48,11.9,0.19,0.087,-0.049,0,12,2024-07-01,Monday,68.184,0.8532,12.07,Normal,1,Normal
2024-07-01 12:08:00,M03,0.898,0.65,65.63,10.71,0.153,0.064,-0.048,0,12,2024-07-01,Monday,67.986,0.8664,11.914,Normal,1,Normal
2024-07-01 12:09:00,M03,0.756,0.611,68.56,12.23,0.1,0.096,-0.048,0,12,2024-07-01,Monday,68.304,0.8502000000000001,12.014,Normal,1,Normal
2024-07-01 12:10:00,M03,0.739,0.632,69.69,11.0,0.17,-0.028,-0.048,0,12,2024-07-01,Monday,66.716,0.7754,11.498,Normal,1,Normal
2024-07-01 12:11:00,M03,0.79,0.622,62.06,12.18,0.141,-0.052,-0.048,0,12,2024-07-01,Monday,66.48400000000001,0.7747999999999999,11.604,Normal,1,Normal
2024-07-01 12:12:00,M03,0.728,0.616,64.23,11.73,0.178,0.055,-0.047,0,12,2024-07-01,Monday,66.034,0.7822,11.57,Normal,1,Normal
2024-07-01 12:13:00,M03,1.196,0.949,77.82,14.68,0.193,0.015,-0.047,1,12,2024-07-01,Monday,68.47200000000001,0.8417999999999999,12.364,Fault,1,Normal
2024-07-01 12:14:00,M03,0.837,0.589,61.3,11.97,0.173,-0.004,-0.047,0,12,2024-07-01,Monday,67.02000000000001,0.858,12.312,Normal,1,Normal
2024-07-01 12:15:00,M03,0.833,0.63,64.06,11.9,0.133,-0.071,-0.046,0,12,2024-07-01,Monday,65.894,0.8768,12.492,Normal,1,Normal
2024-07-01 12:16:00,M03,0.813,0.535,63.28,11.27,0.116,-0.048,-0.046,0,12,2024-07-01,Monday,66.138,0.8814,12.31,Normal,1,Normal
2024-07-01 12:17:00,M03,0.841,0.565,63.11,10.88,0.248,-0.097,-0.045,0,12,2024-07-01,Monday,65.914,0.904,12.14,Normal,1,Normal
2024-07-01 12:18:00,M03,0.79,0.546,61.26,13.13,0.115,-0.033,-0.045,0,12,2024-07-01,Monday,62.602,0.8228,11.830000000000002,Normal,1,Normal
2024-07-01 12:19:00,M03,0.779,0.616,66.09,11.6,0.129,-0.04,-0.045,0,12,2024-07-01,Monday,63.56,0.8112,11.756,Normal,1,Normal
2024-07-01 12:20:00,M03,0.676,0.577,61.47,11.75,0.154,-0.08,-0.044,0,12,2024-07-01,Monday,63.04200000000001,0.7798,11.726,Normal,1,Normal
2024-07-01 12:21:00,M03,1.256,0.892,81.08,16.03,0.188,-0.042,-0.044,1,12,2024-07-01,Monday,66.602,0.8684000000000001,12.678,Fault,-1,Fault
2024-07-01 12:22:00,M03,0.805,0.638,63.19,11.32,0.162,0.115,-0.043,0,12,2024-07-01,Monday,66.618,0.8612,12.766,Normal,1,Normal
2024-07-01 12:23:00,M03,0.852,0.676,63.98,11.91,0.137,0.053,-0.043,0,12,2024-07-01,Monday,67.162,0.8736,12.522,Normal,1,Normal
2024-07-01 12:24:00,M03,0.763,0.606,65.33,12.48,0.184,-0.1,-0.042,0,12,2024-07-01,Monday,67.01,0.8704000000000001,12.698,Normal,1,Normal
2024-07-01 12:25:00,M03,0.719,0.683,64.06,11.9,0.207,-0.136,-0.042,0,12,2024-07-01,Monday,67.52799999999999,0.8789999999999999,12.728,Normal,1,Normal
2024-07-01 12:26:00,M03,0.835,0.597,62.49,12.75,0.093,0.063,-0.041,0,12,2024-07-01,Monday,63.81,0.7948000000000001,12.072,Normal,1,Normal
2024-07-01 12:27:00,M03,0.858,0.607,66.7,11.77,0.208,0.021,-0.04,0,12,2024-07-01,Monday,64.512,0.8054,12.162,Normal,1,Normal
2024-07-01 12:28:00,M03,0.681,0.56,62.32,12.09,0.075,-0.027,-0.04,0,12,2024-07-01,Monday,64.17999999999999,0.7712,12.198,Normal,1,Normal
2024-07-01 12:29:00,M03,0.773,0.525,65.84,11.66,0.206,-0.052,-0.039,0,12,2024-07-01,Monday,64.282,0.7732,12.034,Normal,1,Normal
2024-07-01 12:30:00,M03,0.816,0.52,67.69,11.27,0.122,0.024,-0.039,0,12,2024-07-01,Monday,65.008,0.7926,11.908,Normal,1,Normal
2024-07-01 12:31:00,M03,0.816,0.506,69.07,12.47,0.091,0.087,-0.038,0,12,2024-07-01,Monday,66.324,0.7888,11.852,Normal,1,Normal
2024-07-01 12:32:00,M03,0.764,0.643,65.96,12.13,0.087,-0.047,-0.037,0,12,2024-07-01,Monday,66.176,0.77,11.924,Normal,1,Normal
2024-07-01 12:33:00,M03,0.838,0.728,67.54,12.15,0.143,0.109,-0.037,0,12,2024-07-01,Monday,67.22,0.8013999999999999,11.936000000000002,Normal,1,Normal
2024-07-01 12:34:00,M03,0.806,0.55,65.71,12.28,0.115,-0.088,-0.036,0,12,2024-07-01,Monday,67.19399999999999,0.808,12.06,Normal,1,Normal
2024-07-01 12:35:00,M03,1.306,0.763,77.37,15.62,0.263,-0.078,-0.035,1,12,2024-07-01,Monday,69.13,0.906,12.93,Fault,-1,Fault
2024-07-01 12:36:00,M03,0.81,0.576,65.99,11.98,0.214,0.021,-0.035,0,12,2024-07-01,Monday,68.51400000000001,0.9048000000000002,12.832,Normal,1,Normal
2024-07-01 12:37:00,M03,0.724,0.61,66.67,12.14,0.118,0.043,-0.034,0,12,2024-07-01,Monday,68.65599999999999,0.8968,12.834,Normal,1,Normal
2024-07-01 12:38:00,M03,0.786,0.597,64.46,11.39,0.186,0.116,-0.033,0,12,2024-07-01,Monday,68.04,0.8864000000000001,12.682,Normal,1,Normal
2024-07-01 12:39:00,M03,0.788,0.56,65.27,11.69,0.206,-0.05,-0.032,0,12,2024-07-01,Monday,67.952,0.8827999999999999,12.564,Normal,1,Normal
2024-07-01 12:40:00,M03,0.807,0.635,62.52,12.35,0.158,0.034,-0.032,0,12,2024-07-01,Monday,64.982,0.783,11.91,Normal,1,Normal
2024-07-01 12:41:00,M03,0.769,0.605,63.57,11.86,0.187,-0.117,-0.031,0,12,2024-07-01,Monday,64.49799999999999,0.7748,11.886,Normal,1,Normal
2024-07-01 12:42:00,M03,1.16,0.94,80.48,15.81,0.2,0.144,-0.03,1,12,2024-07-01,Monday,67.26,0.8620000000000001,12.62,Fault,-1,Fault
2024-07-01 12:43:00,M03,0.816,0.563,65.18,11.5,0.224,-0.085,-0.029,0,12,2024-07-01,Monday,67.40400000000001,0.868,12.642,Normal,1,Normal
2024-07-01 12:44:00,M03,0.73,0.608,65.38,11.67,0.213,-0.036,-0.028,0,12,2024-07-01,Monday,67.426,0.8564,12.638,Normal,1,Normal
2024-07-01 12:45:00,M03,1.238,0.872,73.25,15.34,0.264,0.052,-0.028,1,12,2024-07-01,Monday,69.572,0.9426,13.236,Fault,1,Normal
2024-07-01 12:46:00,M03,0.85,0.667,63.38,11.79,0.113,-0.086,-0.027,0,12,2024-07-01,Monday,69.534,0.9588,13.222,Normal,1,Normal
2024-07-01 12:47:00,M03,0.886,0.518,62.18,11.89,0.123,-0.079,-0.026,0,12,2024-07-01,Monday,65.874,0.904,12.438,Normal,1,Normal
2024-07-01 12:48:00,M03,0.863,0.634,65.13,12.21,0.143,-0.035,-0.025,0,12,2024-07-01,Monday,65.864,0.9134,12.58,Normal,1,Normal
2024-07-01 12:49:00,M03,0.912,0.608,65.04,12.28,0.219,0.032,-0.024,0,12,2024-07-01,Monday,65.796,0.9498,12.702000000000002,Normal,1,Normal
2024-07-01 12:50:00,M03,0.824,0.517,66.61,12.04,0.245,-0.097,-0.023,0,12,2024-07-01,Monday,64.468,0.867,12.042,Normal,1,Normal
2024-07-01 12:51:00,M03,0.773,0.595,62.98,11.66,0.104,0.05,-0.022,0,12,2024-07-01,Monday,64.388,0.8516,12.016,Normal,1,Normal
2024-07-01 12:52:00,M03,0.823,0.574,66.28,12.02,0.198,0.054,-0.021,0,12,2024-07-01,Monday,65.208,0.8389999999999999,12.042,Normal,1,Normal
2024-07-01 12:53:00,M03,0.802,0.527,64.17,12.5,0.119,0.039,-0.021,0,12,2024-07-01,Monday,65.01599999999999,0.8268000000000001,12.1,Normal,1,Normal
2024-07-01 12:54:00,M03,1.208,0.936,78.92,15.16,0.182,0.001,-0.02,1,12,2024-07-01,Monday,67.792,0.8859999999999999,12.675999999999998,Fault,1,Normal
2024-07-01 12:55:00,M03,0.805,0.636,62.53,11.85,0.155,-0.02,-0.019,0,12,2024-07-01,Monday,66.976,0.8821999999999999,12.638,Normal,1,Normal
2024-07-01 12:56:00,M03,0.782,0.615,64.55,11.73,0.234,0.055,-0.018,0,12,2024-07-01,Monday,67.28999999999999,0.884,12.652,Normal,1,Normal
2024-07-01 12:57:00,M03,0.779,0.56,64.77,11.98,0.111,0.043,-0.017,0,12,2024-07-01,Monday,66.98799999999999,0.8751999999999999,12.644,Normal,1,Normal
2024-07-01 12:58:00,M03,0.857,0.61,66.65,11.53,0.217,-0.09,-0.016,0,12,2024-07-01,Monday,67.48400000000001,0.8862,12.45,Normal,1,Normal
2024-07-01 12:59:00,M03,0.785,0.666,68.87,12.77,0.081,0.088,-0.015,0,12,2024-07-01,Monday,65.474,0.8016,11.972,Normal,1,Normal
2024-07-01 13:00:00,M03,0.834,0.628,66.66,11.46,0.127,0.085,-0.014,0,13,2024-07-01,Monday,66.3,0.8074,11.894,Normal,1,Normal
2024-07-01 13:01:00,M03,0.768,0.592,64.38,11.4,0.147,0.088,-0.013,0,13,2024-07-01,Monday,66.266,0.8046,11.828,Normal,1,Normal
2024-07-01 13:02:00,M03,0.876,0.647,65.83,13.07,0.126,-0.048,-0.012,0,13,2024-07-01,Monday,66.47800000000001,0.8240000000000001,12.046,Normal,1,Normal
2024-07-01 13:03:00,M03,0.683,0.561,66.46,12.41,0.112,-0.104,-0.011,0,13,2024-07-01,Monday,66.44,0.7891999999999999,12.222,Normal,1,Normal
2024-07-01 13:04:00,M03,0.8,0.593,64.9,11.58,0.175,0.028,-0.01,0,13,2024-07-01,Monday,65.646,0.7922,11.984,Normal,1,Normal
2024-07-01 13:05:00,M03,0.787,0.593,62.15,11.77,0.105,-0.073,-0.009,0,13,2024-07-01,Monday,64.744,0.7828,12.046,Normal,1,Normal
2024-07-01 13:06:00,M03,0.787,0.556,64.64,12.5,0.196,0.049,-0.008,0,13,2024-07-01,Monday,64.796,0.7866,12.266,Normal,1,Normal
2024-07-01 13:07:00,M03,0.767,0.624,64.66,11.7,0.159,0.028,-0.007,0,13,2024-07-01,Monday,64.56199999999998,0.7647999999999999,11.992,Normal,1,Normal
2024-07-01 13:08:00,M03,0.815,0.65,64.89,12.05,0.206,-0.053,-0.006,0,13,2024-07-01,Monday,64.248,0.7912000000000001,11.92,Normal,1,Normal
2024-07-01 13:09:00,M03,0.768,0.646,61.55,11.95,0.158,-0.094,-0.005,0,13,2024-07-01,Monday,63.578,0.7847999999999999,11.994,Normal,1,Normal
2024-07-01 13:10:00,M03,0.75,0.586,63.88,12.34,0.137,0.01,-0.004,0,13,2024-07-01,Monday,63.924,0.7774,12.108,Normal,1,Normal
2024-07-01 13:11:00,M03,0.762,0.661,64.38,12.41,0.228,0.128,-0.003,0,13,2024-07-01,Monday,63.872,0.7724,12.09,Normal,1,Normal
2024-07-01 13:12:00,M03,0.867,0.607,64.27,11.7,0.125,0.061,-0.002,0,13,2024-07-01,Monday,63.794,0.7924,12.09,Normal,1,Normal
2024-07-01 13:13:00,M03,0.741,0.582,64.07,11.98,0.11,0.11,-0.001,0,13,2024-07-01,Monday,63.63,0.7776000000000001,12.076,Normal,1,Normal
2024-07-01 13:14:00,M03,0.778,0.579,62.89,12.42,0.146,-0.079,-0.0,0,13,2024-07-01,Monday,63.898,0.7796000000000001,12.17,Normal,1,Normal
2024-07-01 13:15:00,M03,0.838,0.548,63.51,12.28,0.102,0.108,0.001,0,13,2024-07-01,Monday,63.824,0.7971999999999999,12.158,Normal,1,Normal
2024-07-01 13:16:00,M03,1.21,0.872,75.07,16.42,0.135,-0.054,0.002,1,13,2024-07-01,Monday,65.96199999999999,0.8868,12.960000000000004,Fault,-1,Fault
2024-07-01 13:17:00,M03,1.049,0.84,79.35,14.12,0.196,0.137,0.003,1,13,2024-07-01,Monday,68.978,0.9232,13.444,Fault,-1,Fault
2024-07-01 13:18:00,M03,0.681,0.64,63.79,12.34,0.106,0.008,0.004,0,13,2024-07-01,Monday,68.922,0.9112,13.516,Normal,1,Normal
2024-07-01 13:19:00,M03,0.657,0.588,64.1,11.52,0.107,-0.053,0.005,0,13,2024-07-01,Monday,69.164,0.8869999999999999,13.336000000000002,Normal,1,Normal
2024-07-01 13:20:00,M03,0.848,0.636,66.12,11.89,0.098,0.11,0.006,0,13,2024-07-01,Monday,69.68599999999999,0.8889999999999999,13.258,Normal,1,Normal
2024-07-01 13:21:00,M03,0.8,0.606,64.2,11.77,0.131,-0.061,0.007,0,13,2024-07-01,Monday,67.512,0.807,12.328,Normal,1,Normal
2024-07-01 13:22:00,M03,0.76,0.613,68.43,11.8,0.105,-0.022,0.008,0,13,2024-07-01,Monday,65.328,0.7492000000000001,11.864,Normal,1,Normal
2024-07-01 13:23:00,M03,0.834,0.66,60.64,12.08,0.106,0.105,0.009,0,13,2024-07-01,Monday,64.69800000000001,0.7798,11.812,Normal,1,Normal
2024-07-01 13:24:00,M03,0.731,0.6,67.66,11.43,0.191,0.005,0.01,0,13,2024-07-01,Monday,65.41,0.7946000000000001,11.794,Normal,1,Normal
2024-07-01 13:25:00,M03,0.688,0.571,64.41,11.14,0.129,-0.082,0.011,0,13,2024-07-01,Monday,65.06800000000001,0.7626,11.644,Normal,1,Normal
2024-07-01 13:26:00,M03,0.772,0.663,67.14,12.04,0.115,0.085,0.012,0,13,2024-07-01,Monday,65.656,0.757,11.698,Normal,1,Normal
2024-07-01 13:27:00,M03,0.803,0.554,62.81,12.47,0.198,-0.078,0.013,0,13,2024-07-01,Monday,64.53200000000001,0.7656,11.832,Normal,1,Normal
2024-07-01 13:28:00,M03,0.754,0.607,63.97,12.76,0.094,-0.095,0.014,0,13,2024-07-01,Monday,65.198,0.7495999999999999,11.968,Normal,1,Normal
2024-07-01 13:29:00,M03,0.847,0.605,62.7,11.43,0.098,0.017,0.015,0,13,2024-07-01,Monday,64.20599999999999,0.7727999999999999,11.968,Normal,1,Normal
2024-07-01 13:30:00,M03,0.736,0.524,62.04,12.43,0.171,0.076,0.016,0,13,2024-07-01,Monday,63.732000000000006,0.7824,12.226,Normal,1,Normal
2024-07-01 13:31:00,M03,0.812,0.599,63.83,10.94,0.233,0.005,0.017,0,13,2024-07-01,Monday,63.06999999999999,0.7904,12.006,Normal,1,Normal
2024-07-01 13:32:00,M03,0.858,0.68,62.39,11.31,0.116,0.042,0.017,0,13,2024-07-01,Monday,62.986,0.8013999999999999,11.774,Normal,1,Normal
2024-07-01 13:33:00,M03,0.756,0.601,64.63,11.44,0.121,-0.101,0.018,0,13,2024-07-01,Monday,63.11800000000001,0.8018000000000001,11.51,Normal,1,Normal
2024-07-01 13:34:00,M03,1.185,0.848,80.14,14.8,0.248,-0.056,0.019,1,13,2024-07-01,Monday,66.606,0.8694,12.184,Fault,1,Normal
2024-07-01 13:35:00,M03,0.793,0.626,65.07,12.5,0.234,-0.083,0.02,0,13,2024-07-01,Monday,67.21199999999999,0.8808,12.198,Normal,1,Normal
2024-07-01 13:36:00,M03,0.776,0.629,66.21,12.44,0.177,0.007,0.021,0,13,2024-07-01,Monday,67.68799999999999,0.8736,12.498,Normal,1,Normal
2024-07-01 13:37:00,M03,1.236,0.996,77.84,15.19,0.249,0.047,0.022,1,13,2024-07-01,Monday,70.77799999999999,0.9492,13.274,Fault,-1,Fault
2024-07-01 13:38:00,M03,1.127,0.987,76.25,15.87,0.322,-0.06,0.023,1,13,2024-07-01,Monday,73.102,1.0234,14.16,Fault,-1,Fault
2024-07-01 13:39:00,M03,0.879,0.652,63.57,11.87,0.143,0.084,0.024,0,13,2024-07-01,Monday,69.788,0.9622,13.573999999999998,Normal,1,Normal
2024-07-01 13:40:00,M03,0.796,0.634,67.56,12.4,0.231,0.025,0.025,0,13,2024-07-01,Monday,70.286,0.9628,13.553999999999998,Normal,1,Normal
2024-07-01 13:41:00,M03,0.81,0.66,66.16,12.27,0.188,-0.114,0.026,0,13,2024-07-01,Monday,70.276,0.9696,13.52,Normal,1,Normal
2024-07-01 13:42:00,M03,0.737,0.603,66.67,12.73,0.084,0.043,0.026,0,13,2024-07-01,Monday,68.042,0.8698,13.028,Normal,1,Normal
2024-07-01 13:43:00,M03,0.769,0.639,66.36,12.36,0.086,-0.09,0.027,0,13,2024-07-01,Monday,66.064,0.7982000000000001,12.326,Normal,1,Normal
2024-07-01 13:44:00,M03,0.903,0.551,64.3,11.75,0.212,0.083,0.028,0,13,2024-07-01,Monday,66.21000000000001,0.8029999999999999,12.302,Normal,1,Normal
2024-07-01 13:45:00,M03,0.805,0.553,65.41,12.34,0.201,0.076,0.029,0,13,2024-07-01,Monday,65.78,0.8048,12.29,Normal,1,Normal
2024-07-01 13:46:00,M03,0.802,0.58,66.62,12.78,0.092,-0.065,0.03,0,13,2024-07-01,Monday,65.872,0.8032,12.392,Normal,1,Normal
2024-07-01 13:47:00,M03,0.774,0.633,60.15,13.43,0.108,-0.001,0.031,0,13,2024-07-01,Monday,64.56800000000001,0.8106,12.532,Normal,1,Normal
2024-07-01 13:48:00,M03,0.849,0.592,70.38,12.55,0.166,-0.079,0.031,0,13,2024-07-01,Monday,65.372,0.8266,12.57,Normal,1,Normal
2024-07-01 13:49:00,M03,0.724,0.613,67.27,12.62,0.125,-0.009,0.032,0,13,2024-07-01,Monday,65.966,0.7908000000000001,12.744,Normal,1,Normal
2024-07-01 13:50:00,M03,0.758,0.688,65.6,12.07,0.182,-0.054,0.033,0,13,2024-07-01,Monday,66.00399999999999,0.7814,12.69,Normal,1,Normal
2024-07-01 13:51:00,M03,0.775,0.613,65.09,11.26,0.078,-0.1,0.034,0,13,2024-07-01,Monday,65.69800000000001,0.776,12.386,Normal,1,Normal
2024-07-01 13:52:00,M03,0.842,0.594,63.64,12.01,0.243,-0.066,0.034,0,13,2024-07-01,Monday,66.39599999999999,0.7896,12.102,Normal,1,Normal
2024-07-01 13:53:00,M03,0.789,0.515,65.14,12.19,0.114,-0.048,0.035,0,13,2024-07-01,Monday,65.348,0.7776,12.03,Normal,1,Normal
2024-07-01 13:54:00,M03,0.859,0.727,66.86,11.8,0.087,-0.031,0.036,0,13,2024-07-01,Monday,65.26599999999999,0.8046,11.866,Normal,1,Normal
2024-07-01 13:55:00,M03,1.131,0.781,76.25,15.26,0.22,0.067,0.036,1,13,2024-07-01,Monday,67.396,0.8792,12.504,Fault,1,Normal
2024-07-01 13:56:00,M03,0.785,0.59,62.97,11.88,0.234,0.014,0.037,0,13,2024-07-01,Monday,66.97200000000001,0.8812,12.628,Normal,1,Normal
2024-07-01 13:57:00,M03,0.896,0.643,66.58,12.28,0.244,0.044,0.038,0,13,2024-07-01,Monday,67.56,0.892,12.682,Normal,1,Normal
2024-07-01 13:58:00,M03,0.737,0.5,62.47,11.42,0.197,0.001,0.038,0,13,2024-07-01,Monday,67.026,0.8816,12.528,Normal,1,Normal
2024-07-01 13:59:00,M03,0.878,0.572,65.54,12.12,0.093,-0.039,0.039,0,13,2024-07-01,Monday,66.762,0.8854,12.592,Normal,1,Normal
2024-07-01 14:00:00,M03,1.164,0.932,77.78,15.91,0.249,-0.101,0.04,1,14,2024-07-01,Monday,67.06800000000001,0.892,12.722,Fault,-1,Fault
2024-07-01 14:01:00,M03,0.841,0.498,68.34,12.26,0.147,-0.066,0.04,0,14,2024-07-01,Monday,68.142,0.9032,12.798,Normal,1,Normal
2024-07-01 14:02:00,M03,0.762,0.592,65.58,12.65,0.142,0.059,0.041,0,14,2024-07-01,Monday,67.942,0.8764,12.872,Normal,1,Normal
2024-07-01 14:03:00,M03,0.808,0.546,62.96,10.75,0.096,-0.014,0.041,0,14,2024-07-01,Monday,68.04,0.8906000000000001,12.738,Normal,1,Normal
2024-07-01 14:04:00,M03,0.9,0.601,66.0,12.19,0.224,-0.053,0.042,0,14,2024-07-01,Monday,68.13199999999999,0.8949999999999999,12.752,Normal,1,Normal
2024-07-01 14:05:00,M03,0.772,0.647,64.11,12.41,0.145,-0.006,0.043,0,14,2024-07-01,Monday,65.398,0.8166,12.052,Normal,1,Normal
2024-07-01 14:06:00,M03,0.695,0.64,66.8,11.15,0.187,0.118,0.043,0,14,2024-07-01,Monday,65.09,0.7874000000000001,11.83,Normal,1,Normal
2024-07-01 14:07:00,M03,1.124,0.82,79.26,16.15,0.302,0.131,0.044,1,14,2024-07-01,Monday,67.826,0.8598000000000001,12.53,Fault,-1,Fault
2024-07-01 14:08:00,M03,0.772,0.628,60.5,12.62,0.22,0.035,0.044,0,14,2024-07-01,Monday,67.33399999999999,0.8526,12.904,Normal,1,Normal
2024-07-01 14:09:00,M03,0.857,0.624,63.93,12.2,0.203,-0.022,0.044,0,14,2024-07-01,Monday,66.91999999999999,0.844,12.906,Normal,1,Normal
2024-07-01 14:10:00,M03,0.756,0.657,64.64,10.85,0.202,-0.03,0.045,0,14,2024-07-01,Monday,67.026,0.8408000000000001,12.594,Normal,1,Normal
2024-07-01 14:11:00,M03,1.275,0.846,79.97,15.19,0.143,-0.164,0.045,1,14,2024-07-01,Monday,69.66,0.9568,13.401999999999996,Fault,-1,Fault
2024-07-01 14:12:00,M03,0.901,0.632,65.49,11.66,0.105,0.033,0.046,0,14,2024-07-01,Monday,66.906,0.9122,12.504,Normal,1,Normal
2024-07-01 14:13:00,M03,0.729,0.59,63.44,11.62,0.099,0.017,0.046,0,14,2024-07-01,Monday,67.494,0.9036,12.303999999999998,Normal,1,Normal
2024-07-01 14:14:00,M03,0.744,0.612,64.18,13.35,0.116,-0.004,0.047,0,14,2024-07-01,Monday,67.54400000000001,0.8809999999999999,12.534,Normal,1,Normal
2024-07-01 14:15:00,M03,0.833,0.62,64.81,12.6,0.091,0.058,0.047,0,14,2024-07-01,Monday,67.578,0.8964000000000001,12.883999999999997,Normal,1,Normal
2024-07-01 14:16:00,M03,0.778,0.58,64.17,11.71,0.169,0.112,0.047,0,14,2024-07-01,Monday,64.418,0.7969999999999999,12.188,Normal,1,Normal
2024-07-01 14:17:00,M03,1.291,0.802,77.08,14.8,0.206,-0.105,0.048,1,14,2024-07-01,Monday,66.736,0.875,12.816,Fault,-1,Fault
2024-07-01 14:18:00,M03,0.796,0.621,63.42,12.64,0.183,0.024,0.048,0,14,2024-07-01,Monday,66.732,0.8884000000000001,13.02,Normal,1,Normal
2024-07-01 14:19:00,M03,0.86,0.581,62.26,12.54,0.147,0.004,0.048,0,14,2024-07-01,Monday,66.348,0.9116,12.858,Normal,1,Normal
2024-07-01 14:20:00,M03,0.754,0.617,63.35,11.72,0.094,-0.066,0.048,0,14,2024-07-01,Monday,66.056,0.8958,12.682,Normal,1,Normal
2024-07-01 14:21:00,M03,0.798,0.666,65.45,11.28,0.202,0.038,0.049,0,14,2024-07-01,Monday,66.31200000000001,0.8997999999999999,12.596,Normal,1,Normal
2024-07-01 14:22:00,M03,0.88,0.597,65.74,13.28,0.181,-0.016,0.049,0,14,2024-07-01,Monday,64.044,0.8176,12.292,Normal,1,Normal
2024-07-01 14:23:00,M03,0.707,0.587,60.94,12.08,0.169,0.091,0.049,0,14,2024-07-01,Monday,63.54799999999999,0.7998,12.179999999999998,Normal,1,Normal
2024-07-01 14:24:00,M03,0.76,0.605,65.94,11.7,0.122,-0.037,0.049,0,14,2024-07-01,Monday,64.284,0.7798,12.012,Normal,1,Normal
2024-07-01 14:25:00,M03,0.783,0.506,65.06,11.99,0.193,0.069,0.049,0,14,2024-07-01,Monday,64.626,0.7856,12.066,Normal,1,Normal
2024-07-01 14:26:00,M03,0.876,0.637,66.14,12.11,0.198,-0.008,0.05,0,14,2024-07-01,Monday,64.764,0.8012,12.232,Normal,1,Normal
2024-07-01 14:27:00,M03,0.799,0.538,64.46,12.1,0.189,0.004,0.05,0,14,2024-07-01,Monday,64.508,0.7849999999999999,11.996,Normal,1,Normal
2024-07-01 14:28:00,M03,0.858,0.543,62.66,11.47,0.103,-0.069,0.05,0,14,2024-07-01,Monday,64.852,0.8152000000000001,11.874,Normal,1,Normal
2024-07-01 14:29:00,M03,0.831,0.591,66.63,11.68,0.128,0.051,0.05,0,14,2024-07-01,Monday,64.99,0.8294,11.87,Normal,1,Normal
2024-07-01 14:30:00,M03,0.801,0.544,63.79,12.41,0.238,0.077,0.05,0,14,2024-07-01,Monday,64.73599999999999,0.833,11.954,Normal,1,Normal
2024-07-01 14:31:00,M03,0.81,0.578,65.73,11.18,0.153,-0.103,0.05,0,14,2024-07-01,Monday,64.654,0.8198000000000001,11.768,Normal,1,Normal
2024-07-01 14:32:00,M03,0.825,0.602,65.3,11.73,0.201,0.081,0.05,0,14,2024-07-01,Monday,64.822,0.825,11.694,Normal,1,Normal
2024-07-01 14:33:00,M03,0.826,0.521,68.58,12.18,0.135,-0.081,0.05,0,14,2024-07-01,Monday,66.006,0.8186,11.836,Normal,1,Normal
2024-07-01 14:34:00,M03,0.799,0.542,65.49,12.43,0.214,0.028,0.05,0,14,2024-07-01,Monday,65.77799999999999,0.8122,11.986,Normal,1,Normal
2024-07-01 14:35:00,M03,0.803,0.461,62.42,11.91,0.23,-0.077,0.05,0,14,2024-07-01,Monday,65.50399999999999,0.8126,11.886,Normal,1,Normal
2024-07-01 14:36:00,M03,1.142,0.961,77.87,14.64,0.124,0.055,0.05,1,14,2024-07-01,Monday,67.93199999999999,0.8789999999999999,12.578,Fault,-1,Fault
2024-07-01 14:37:00,M03,0.788,0.628,64.88,12.25,0.235,0.042,0.05,0,14,2024-07-01,Monday,67.848,0.8715999999999999,12.682,Normal,1,Normal
2024-07-01 14:38:00,M03,0.841,0.668,67.83,12.47,0.233,-0.12,0.05,0,14,2024-07-01,Monday,67.69800000000001,0.8746,12.74,Normal,1,Normal
2024-07-01 14:39:00,M03,1.213,0.795,76.48,14.41,0.208,-0.009,0.05,1,14,2024-07-01,Monday,69.896,0.9574,13.136,Fault,1,Normal
2024-07-01 14:40:00,M03,0.775,0.639,65.17,11.72,0.177,-0.107,0.049,0,14,2024-07-01,Monday,70.446,0.9518,13.098000000000004,Normal,1,Normal
2024-07-01 14:41:00,M03,0.749,0.624,65.15,11.64,0.1,-0.095,0.049,0,14,2024-07-01,Monday,67.90200000000002,0.8732,12.498,Normal,1,Normal
2024-07-01 14:42:00,M03,0.733,0.63,67.06,12.04,0.117,0.117,0.049,0,14,2024-07-01,Monday,68.338,0.8622,12.456,Normal,1,Normal
2024-07-01 14:43:00,M03,0.86,0.601,66.24,12.23,0.191,-0.067,0.049,0,14,2024-07-01,Monday,68.02000000000001,0.866,12.408,Normal,1,Normal
2024-07-01 14:44:00,M03,0.784,0.627,65.47,11.99,0.123,-0.009,0.049,0,14,2024-07-01,Monday,65.818,0.7802,11.924,Normal,1,Normal
2024-07-01 14:45:00,M03,0.828,0.545,68.86,12.46,0.125,-0.066,0.048,0,14,2024-07-01,Monday,66.55600000000001,0.7908000000000001,12.072,Normal,1,Normal
2024-07-01 14:46:00,M03,0.807,0.644,66.88,12.15,0.2,-0.097,0.048,0,14,2024-07-01,Monday,66.902,0.8024000000000001,12.174,Normal,1,Normal
2024-07-01 14:47:00,M03,1.304,0.949,74.61,14.18,0.169,0.041,0.048,1,14,2024-07-01,Monday,68.41199999999999,0.9166,12.602,Fault,-1,Fault
2024-07-01 14:48:00,M03,1.236,0.983,80.24,14.32,0.205,0.002,0.048,1,14,2024-07-01,Monday,71.21199999999999,0.9918,13.02,Fault,-1,Fault
2024-07-01 14:49:00,M03,0.886,0.477,67.45,12.99,0.108,0.086,0.047,0,14,2024-07-01,Monday,71.60799999999999,1.0122,13.220000000000002,Normal,1,Normal
2024-07-01 14:50:00,M03,0.77,0.43,64.6,12.02,0.153,-0.007,0.047,0,14,2024-07-01,Monday,70.756,1.0006,13.132,Normal,1,Normal
2024-07-01 14:51:00,M03,1.096,0.953,78.81,16.03,0.215,0.024,0.047,1,14,2024-07-01,Monday,73.142,1.0584,13.907999999999998,Fault,-1,Fault
2024-07-01 14:52:00,M03,0.883,0.579,65.12,11.42,0.1,0.071,0.046,0,14,2024-07-01,Monday,71.244,0.9742,13.356,Normal,1,Normal
2024-07-01 14:53:00,M03,0.761,0.54,62.74,12.25,0.081,0.028,0.046,0,14,2024-07-01,Monday,67.744,0.8792,12.941999999999998,Normal,1,Normal
2024-07-01 14:54:00,M03,0.8,0.63,63.51,12.97,0.163,-0.066,0.046,0,14,2024-07-01,Monday,66.95599999999999,0.8620000000000001,12.938,Normal,1,Normal
2024-07-01 14:55:00,M03,1.115,0.927,74.57,15.62,0.267,0.048,0.045,1,14,2024-07-01,Monday,68.95,0.931,13.658,Fault,-1,Fault
2024-07-01 14:56:00,M03,0.711,0.64,65.64,11.98,0.095,-0.081,0.045,0,14,2024-07-01,Monday,66.316,0.8540000000000001,12.848,Normal,1,Normal
2024-07-01 14:57:00,M03,0.811,0.572,61.43,13.08,0.103,-0.099,0.044,0,14,2024-07-01,Monday,65.578,0.8396000000000001,13.18,Normal,1,Normal
2024-07-01 14:58:00,M03,0.827,0.524,68.06,12.08,0.096,-0.088,0.044,0,14,2024-07-01,Monday,66.642,0.8528,13.146,Normal,1,Normal
2024-07-01 14:59:00,M03,0.771,0.629,68.47,12.24,0.083,0.065,0.043,0,14,2024-07-01,Monday,67.63399999999999,0.8470000000000001,13.0,Normal,1,Normal
2024-07-01 15:00:00,M03,1.116,0.955,79.52,14.19,0.232,0.184,0.043,1,15,2024-07-01,Monday,68.624,0.8472000000000002,12.714,Fault,-1,Fault
2024-07-01 15:01:00,M03,0.82,0.687,64.52,11.88,0.152,-0.136,0.042,0,15,2024-07-01,Monday,68.4,0.8690000000000001,12.694,Normal,1,Normal
2024-07-01 15:02:00,M03,0.783,0.597,62.57,12.5,0.139,-0.001,0.042,0,15,2024-07-01,Monday,68.628,0.8634000000000001,12.578,Normal,1,Normal
2024-07-01 15:03:00,M03,0.808,0.575,65.69,12.18,0.116,-0.081,0.041,0,15,2024-07-01,Monday,68.154,0.8596,12.598,Normal,1,Normal
2024-07-01 15:04:00,M03,0.812,0.576,65.1,12.49,0.124,0.055,0.041,0,15,2024-07-01,Monday,67.47999999999999,0.8678000000000001,12.648,Normal,1,Normal
2024-07-01 15:05:00,M03,0.845,0.582,65.43,11.74,0.226,0.001,0.04,0,15,2024-07-01,Monday,64.66199999999999,0.8135999999999999,12.158,Normal,1,Normal
2024-07-01 15:06:00,M03,0.843,0.644,64.42,11.73,0.085,0.102,0.039,0,15,2024-07-01,Monday,64.642,0.8182,12.128,Normal,1,Normal
2024-07-01 15:07:00,M03,0.812,0.614,68.33,11.44,0.083,-0.105,0.039,0,15,2024-07-01,Monday,65.79400000000001,0.8240000000000001,11.916,Normal,1,Normal
2024-07-01 15:08:00,M03,0.703,0.623,63.66,12.26,0.111,-0.086,0.038,0,15,2024-07-01,Monday,65.388,0.8029999999999999,11.932,Normal,1,Normal
2024-07-01 15:09:00,M03,0.815,0.601,64.46,11.57,0.164,-0.01,0.037,0,15,2024-07-01,Monday,65.26,0.8036,11.748,Normal,1,Normal
2024-07-01 15:10:00,M03,0.788,0.66,65.89,11.53,0.126,-0.026,0.037,0,15,2024-07-01,Monday,65.352,0.7922,11.706,Normal,1,Normal
2024-07-01 15:11:00,M03,0.803,0.541,64.88,12.24,0.116,0.046,0.036,0,15,2024-07-01,Monday,65.444,0.7842,11.808,Normal,1,Normal
2024-07-01 15:12:00,M03,0.795,0.687,65.48,12.15,0.199,-0.112,0.035,0,15,2024-07-01,Monday,64.874,0.7807999999999999,11.95,Normal,1,Normal
2024-07-01 15:13:00,M03,0.825,0.592,65.41,11.57,0.242,-0.025,0.035,0,15,2024-07-01,Monday,65.224,0.8051999999999999,11.812,Normal,1,Normal
2024-07-01 15:14:00,M03,1.237,0.962,81.82,15.31,0.215,0.139,0.034,1,15,2024-07-01,Monday,68.696,0.8896000000000001,12.56,Fault,-1,Fault
2024-07-01 15:15:00,M03,1.277,0.961,77.23,15.86,0.298,-0.054,0.033,1,15,2024-07-01,Monday,70.96400000000001,0.9874,13.425999999999998,Fault,-1,Fault
2024-07-01 15:16:00,M03,0.875,0.584,65.07,12.19,0.16,0.108,0.032,0,15,2024-07-01,Monday,71.002,1.0018,13.416,Normal,1,Normal
2024-07-01 15:17:00,M03,0.797,0.554,63.5,12.37,0.084,-0.102,0.032,0,15,2024-07-01,Monday,70.606,1.0022,13.46,Normal,1,Normal
2024-07-01 15:18:00,M03,1.07,0.939,75.92,16.51,0.295,-0.033,0.031,1,15,2024-07-01,Monday,72.708,1.0512,14.448000000000002,Fault,-1,Fault
2024-07-01 15:19:00,M03,0.868,0.707,61.56,12.15,0.098,0.03,0.03,0,15,2024-07-01,Monday,68.65599999999999,0.9774,13.816,Normal,1,Normal
2024-07-01 15:20:00,M03,0.823,0.603,68.2,11.91,0.188,-0.031,0.029,0,15,2024-07-01,Monday,66.85,0.8865999999999999,13.026,Normal,1,Normal
2024-07-01 15:21:00,M03,0.933,0.649,64.8,12.4,0.201,-0.005,0.028,0,15,2024-07-01,Monday,66.796,0.8981999999999999,13.068,Normal,1,Normal
2024-07-01 15:22:00,M03,0.807,0.595,62.58,11.54,0.24,-0.026,0.028,0,15,2024-07-01,Monday,66.61200000000001,0.9002000000000001,12.901999999999996,Normal,1,Normal
2024-07-01 15:23:00,M03,0.814,0.603,66.62,12.75,0.105,-0.086,0.027,0,15,2024-07-01,Monday,64.752,0.849,12.15,Normal,1,Normal
2024-07-01 15:24:00,M03,0.766,0.593,65.35,12.71,0.129,-0.098,0.026,0,15,2024-07-01,Monday,65.51,0.8286,12.262,Normal,1,Normal
2024-07-01 15:25:00,M03,1.228,0.827,74.07,13.88,0.315,0.155,0.025,1,15,2024-07-01,Monday,66.684,0.9096,12.656,Fault,-1,Fault
2024-07-01 15:26:00,M03,0.858,0.588,63.16,12.88,0.162,-0.036,0.024,0,15,2024-07-01,Monday,66.356,0.8946,12.752,Normal,1,Normal
2024-07-01 15:27:00,M03,0.817,0.578,62.37,11.46,0.167,0.046,0.023,0,15,2024-07-01,Monday,66.314,0.8966,12.736,Normal,1,Normal
2024-07-01 15:28:00,M03,0.805,0.617,64.66,11.64,0.089,0.003,0.022,0,15,2024-07-01,Monday,65.922,0.8948,12.514,Normal,1,Normal
2024-07-01 15:29:00,M03,0.745,0.611,63.88,12.26,0.13,-0.027,0.022,0,15,2024-07-01,Monday,65.628,0.8905999999999998,12.424,Normal,1,Normal
2024-07-01 15:30:00,M03,1.109,0.699,78.19,16.05,0.113,-0.023,0.021,1,15,2024-07-01,Monday,66.452,0.8667999999999999,12.858,Fault,-1,Fault
2024-07-01 15:31:00,M03,0.778,0.604,60.74,11.62,0.165,0.098,0.02,0,15,2024-07-01,Monday,65.968,0.8507999999999999,12.606,Normal,1,Normal
2024-07-01 15:32:00,M03,0.701,0.655,63.09,11.94,0.202,-0.066,0.019,0,15,2024-07-01,Monday,66.112,0.8276,12.701999999999998,Normal,1,Normal
2024-07-01 15:33:00,M03,0.814,0.585,63.66,12.16,0.141,-0.04,0.018,0,15,2024-07-01,Monday,65.912,0.8294,12.806,Normal,1,Normal
2024-07-01 15:34:00,M03,0.784,0.603,64.9,12.67,0.158,0.095,0.017,0,15,2024-07-01,Monday,66.11600000000001,0.8371999999999999,12.888,Normal,1,Normal
2024-07-01 15:35:00,M03,0.807,0.562,66.91,11.71,0.141,0.032,0.016,0,15,2024-07-01,Monday,63.86,0.7767999999999999,12.02,Normal,1,Normal
2024-07-01 15:36:00,M03,0.864,0.667,63.6,11.79,0.127,-0.005,0.015,0,15,2024-07-01,Monday,64.432,0.7939999999999999,12.054,Normal,1,Normal
2024-07-01 15:37:00,M03,0.799,0.619,63.4,12.12,0.176,0.085,0.014,0,15,2024-07-01,Monday,64.494,0.8135999999999999,12.09,Normal,1,Normal
2024-07-01 15:38:00,M03,0.765,0.637,61.92,12.35,0.182,-0.017,0.013,0,15,2024-07-01,Monday,64.146,0.8038000000000001,12.128,Normal,1,Normal
2024-07-01 15:39:00,M03,0.729,0.602,63.38,12.03,0.157,-0.051,0.012,0,15,2024-07-01,Monday,63.842,0.7928,12.0,Normal,1,Normal
2024-07-01 15:40:00,M03,0.793,0.599,65.55,11.61,0.093,0.096,0.011,0,15,2024-07-01,Monday,63.57000000000001,0.79,11.98,Normal,1,Normal
2024-07-01 15:41:00,M03,0.749,0.566,64.78,11.41,0.101,-0.001,0.01,0,15,2024-07-01,Monday,63.806,0.7670000000000001,11.904,Normal,1,Normal
2024-07-01 15:42:00,M03,1.094,0.884,73.84,14.17,0.315,0.047,0.009,1,15,2024-07-01,Monday,65.894,0.826,12.314,Fault,-1,Fault
2024-07-01 15:43:00,M03,1.07,0.803,78.34,16.31,0.222,-0.142,0.008,1,15,2024-07-01,Monday,69.178,0.8870000000000001,13.106,Fault,-1,Fault
2024-07-01 15:44:00,M03,0.851,0.685,66.78,11.82,0.166,-0.035,0.007,0,15,2024-07-01,Monday,69.85799999999999,0.9114,13.063999999999998,Normal,1,Normal
2024-07-01 15:45:00,M03,0.763,0.51,62.52,11.45,0.152,0.061,0.006,0,15,2024-07-01,Monday,69.25200000000001,0.9054,13.032,Normal,1,Normal
2024-07-01 15:46:00,M03,0.708,0.596,62.02,11.96,0.093,0.107,0.005,0,15,2024-07-01,Monday,68.7,0.8972,13.142,Normal,1,Normal
2024-07-01 15:47:00,M03,0.726,0.589,65.65,11.72,0.102,-0.091,0.004,0,15,2024-07-01,Monday,67.062,0.8236000000000001,12.652,Normal,1,Normal
2024-07-01 15:48:00,M03,0.768,0.695,61.2,12.14,0.23,-0.066,0.003,0,15,2024-07-01,Monday,63.634,0.7632,11.818,Normal,1,Normal
2024-07-01 15:49:00,M03,0.826,0.542,66.26,11.32,0.232,0.013,0.002,0,15,2024-07-01,Monday,63.53000000000001,0.7581999999999999,11.718,Normal,1,Normal
2024-07-01 15:50:00,M03,0.863,0.63,64.17,11.21,0.089,-0.001,0.001,0,15,2024-07-01,Monday,63.86,0.7782,11.67,Normal,1,Normal
2024-07-01 15:51:00,M03,0.867,0.591,67.6,12.25,0.104,-0.09,0.0,0,15,2024-07-01,Monday,64.976,0.8099999999999999,11.728,Normal,1,Normal
2024-07-01 15:52:00,M03,1.271,0.938,75.46,15.38,0.373,-0.18,-0.001,1,15,2024-07-01,Monday,66.938,0.919,12.46,Fault,-1,Fault
2024-07-01 15:53:00,M03,0.838,0.659,67.1,11.51,0.17,0.035,-0.002,0,15,2024-07-01,Monday,68.118,0.933,12.334,Normal,1,Normal
2024-07-01 15:54:00,M03,0.859,0.717,66.62,12.48,0.163,-0.034,-0.003,0,15,2024-07-01,Monday,68.19,0.9396,12.566,Normal,1,Normal
2024-07-01 15:55:00,M03,0.803,0.689,66.13,12.24,0.158,0.043,-0.004,0,15,2024-07-01,Monday,68.582,0.9276,12.772,Normal,1,Normal
2024-07-01 15:56:00,M03,1.234,0.87,72.68,15.04,0.255,0.004,-0.005,1,15,2024-07-01,Monday,69.59799999999998,1.001,13.330000000000002,Fault,1,Normal
2024-07-01 15:57:00,M03,0.816,0.563,65.12,11.79,0.094,-0.102,-0.006,0,15,2024-07-01,Monday,67.53,0.91,12.612,Normal,1,Normal
2024-07-01 15:58:00,M03,0.746,0.609,61.9,12.02,0.154,-0.009,-0.007,0,15,2024-07-01,Monday,66.49000000000001,0.8916000000000001,12.714,Normal,1,Normal
2024-07-01 15:59:00,M03,0.756,0.488,68.96,12.03,0.083,-0.03,-0.008,0,15,2024-07-01,Monday,66.958,0.8710000000000001,12.624,Normal,1,Normal
2024-07-01 16:00:00,M03,0.717,0.556,67.74,13.38,0.138,0.094,-0.009,0,16,2024-07-01,Monday,67.28,0.8538,12.852,Normal,1,Normal
2024-07-01 16:01:00,M03,0.738,0.633,63.06,12.07,0.109,-0.054,-0.01,0,16,2024-07-01,Monday,65.35600000000001,0.7546,12.258,Normal,1,Normal
2024-07-01 16:02:00,M03,0.883,0.639,65.57,12.01,0.256,0.003,-0.011,0,16,2024-07-01,Monday,65.446,0.768,12.302,Normal,1,Normal
2024-07-01 16:03:00,M03,0.768,0.608,66.71,12.06,0.228,0.038,-0.012,0,16,2024-07-01,Monday,66.40799999999999,0.7724,12.31,Normal,1,Normal
2024-07-01 16:04:00,M03,0.756,0.581,66.85,12.11,0.204,-0.022,-0.013,0,16,2024-07-01,Monday,65.98599999999999,0.7724,12.326,Normal,1,Normal
2024-07-01 16:05:00,M03,0.803,0.53,62.19,11.68,0.203,0.095,-0.014,0,16,2024-07-01,Monday,64.876,0.7896,11.986,Normal,1,Normal
2024-07-01 16:06:00,M03,0.769,0.476,63.41,12.03,0.159,-0.034,-0.015,0,16,2024-07-01,Monday,64.946,0.7958000000000001,11.978,Normal,1,Normal
2024-07-01 16:07:00,M03,0.8,0.54,63.72,11.16,0.117,-0.095,-0.016,0,16,2024-07-01,Monday,64.576,0.7792,11.808,Normal,1,Normal
2024-07-01 16:08:00,M03,0.792,0.614,69.14,12.63,0.158,-0.071,-0.016,0,16,2024-07-01,Monday,65.062,0.784,11.922,Normal,1,Normal
2024-07-01 16:09:00,M03,0.738,0.56,63.64,11.94,0.214,-0.056,-0.017,0,16,2024-07-01,Monday,64.42,0.7804,11.888,Normal,1,Normal
2024-07-01 16:10:00,M03,1.281,0.866,77.34,14.36,0.149,-0.061,-0.018,1,16,2024-07-01,Monday,67.45,0.876,12.424,Fault,-1,Fault
2024-07-01 16:11:00,M03,0.718,0.538,62.67,12.7,0.178,-0.033,-0.019,0,16,2024-07-01,Monday,67.30199999999999,0.8657999999999999,12.558,Normal,1,Normal
2024-07-01 16:12:00,M03,0.851,0.625,65.4,11.61,0.194,-0.046,-0.02,0,16,2024-07-01,Monday,67.638,0.876,12.648,Normal,1,Normal
2024-07-01 16:13:00,M03,0.857,0.448,64.81,11.3,0.144,0.025,-0.021,0,16,2024-07-01,Monday,66.772,0.889,12.382,Normal,1,Normal
2024-07-01 16:14:00,M03,0.858,0.619,66.43,11.36,0.093,0.022,-0.022,0,16,2024-07-01,Monday,67.33000000000001,0.913,12.266,Normal,1,Normal
2024-07-01 16:15:00,M03,0.747,0.594,70.6,10.88,0.143,0.049,-0.023,0,16,2024-07-01,Monday,65.982,0.8062000000000001,11.57,Normal,1,Normal
2024-07-01 16:16:00,M03,1.261,0.766,74.65,14.89,0.375,-0.144,-0.024,1,16,2024-07-01,Monday,68.37800000000001,0.9148,12.008,Fault,-1,Fault
2024-07-01 16:17:00,M03,0.743,0.626,66.08,12.06,0.165,0.059,-0.025,0,16,2024-07-01,Monday,68.514,0.8932,12.098,Normal,1,Normal
2024-07-01 16:18:00,M03,0.849,0.585,66.07,12.98,0.204,-0.01,-0.026,0,16,2024-07-01,Monday,68.76599999999999,0.8916000000000001,12.434,Normal,1,Normal
2024-07-01 16:19:00,M03,1.215,0.689,76.12,13.59,0.241,-0.116,-0.026,1,16,2024-07-01,Monday,70.704,0.963,12.88,Fault,-1,Fault
2024-07-01 16:20:00,M03,0.776,0.617,69.86,11.38,0.135,-0.058,-0.027,0,16,2024-07-01,Monday,70.55600000000001,0.9688,12.98,Normal,1,Normal
2024-07-01 16:21:00,M03,0.874,0.664,65.58,11.78,0.115,-0.019,-0.028,0,16,2024-07-01,Monday,68.74199999999999,0.8914,12.358,Normal,1,Normal
2024-07-01 16:22:00,M03,0.815,0.667,63.5,12.02,0.214,0.072,-0.029,0,16,2024-07-01,Monday,68.226,0.9058,12.35,Normal,1,Normal
2024-07-01 16:23:00,M03,1.297,0.858,78.19,13.97,0.37,0.168,-0.03,1,16,2024-07-01,Monday,70.65,0.9954,12.548,Fault,-1,Fault
2024-07-01 16:24:00,M03,1.12,0.873,78.88,14.95,0.174,0.07,-0.03,1,16,2024-07-01,Monday,71.202,0.9764,12.82,Fault,1,Normal
2024-07-01 16:25:00,M03,0.751,0.643,66.03,11.64,0.132,0.032,-0.031,0,16,2024-07-01,Monday,70.43599999999999,0.9714,12.872,Normal,1,Normal
2024-07-01 16:26:00,M03,0.765,0.494,66.67,11.83,0.163,-0.048,-0.032,0,16,2024-07-01,Monday,70.654,0.9496,12.882,Normal,1,Normal
2024-07-01 16:27:00,M03,0.84,0.59,62.94,12.72,0.217,-0.059,-0.033,0,16,2024-07-01,Monday,70.542,0.9546,13.022,Normal,1,Normal
2024-07-01 16:28:00,M03,1.179,0.848,78.64,15.26,0.231,-0.125,-0.034,1,16,2024-07-01,Monday,70.63199999999999,0.931,13.28,Fault,-1,Fault
2024-07-01 16:29:00,M03,0.935,0.64,63.24,12.44,0.13,0.112,-0.034,0,16,2024-07-01,Monday,67.50399999999999,0.8940000000000001,12.778,Normal,1,Normal
2024-07-01 16:30:00,M03,0.844,0.591,63.12,11.69,0.13,0.024,-0.035,0,16,2024-07-01,Monday,66.922,0.9126,12.788,Normal,1,Normal
2024-07-01 16:31:00,M03,0.71,0.603,68.47,12.55,0.173,0.004,-0.036,0,16,2024-07-01,Monday,67.28200000000001,0.9016,12.932,Normal,1,Normal
2024-07-01 16:32:00,M03,1.289,0.736,73.91,13.79,0.135,0.105,-0.036,1,16,2024-07-01,Monday,69.476,0.9914000000000002,13.146,Fault,-1,Fault
2024-07-01 16:33:00,M03,0.769,0.569,66.38,11.9,0.079,-0.005,-0.037,0,16,2024-07-01,Monday,67.024,0.9094,12.474,Normal,1,Normal
2024-07-01 16:34:00,M03,0.77,0.663,65.83,12.7,0.169,0.021,-0.038,0,16,2024-07-01,Monday,67.542,0.8764,12.526,Normal,1,Normal
2024-07-01 16:35:00,M03,0.757,0.741,66.24,12.33,0.107,0.082,-0.038,0,16,2024-07-01,Monday,68.166,0.859,12.654,Normal,1,Normal
2024-07-01 16:36:00,M03,0.799,0.552,63.33,12.33,0.186,0.049,-0.039,0,16,2024-07-01,Monday,67.13799999999999,0.8768,12.61,Normal,1,Normal
2024-07-01 16:37:00,M03,0.831,0.534,67.24,11.86,0.162,-0.045,-0.04,0,16,2024-07-01,Monday,65.804,0.7852,12.224,Normal,1,Normal
2024-07-01 16:38:00,M03,0.803,0.63,65.29,11.71,0.138,-0.002,-0.04,0,16,2024-07-01,Monday,65.586,0.792,12.185999999999998,Normal,1,Normal
2024-07-01 16:39:00,M03,0.763,0.599,63.49,12.75,0.103,-0.05,-0.041,0,16,2024-07-01,Monday,65.11800000000001,0.7906,12.196000000000002,Normal,1,Normal
2024-07-01 16:40:00,M03,0.832,0.648,67.88,11.17,0.133,0.029,-0.041,0,16,2024-07-01,Monday,65.446,0.8055999999999999,11.964,Normal,1,Normal
2024-07-01 16:41:00,M03,0.787,0.588,63.33,12.3,0.176,-0.065,-0.042,0,16,2024-07-01,Monday,65.446,0.8032,11.958,Normal,1,Normal
2024-07-01 16:42:00,M03,0.728,0.618,67.95,12.41,0.207,-0.027,-0.042,0,16,2024-07-01,Monday,65.58800000000001,0.7826,12.068,Normal,1,Normal
2024-07-01 16:43:00,M03,0.715,0.609,64.41,11.83,0.099,0.088,-0.043,0,16,2024-07-01,Monday,65.412,0.765,12.092,Normal,1,Normal
2024-07-01 16:44:00,M03,0.86,0.606,65.83,11.41,0.171,0.015,-0.044,0,16,2024-07-01,Monday,65.88,0.7844,11.824,Normal,1,Normal
2024-07-01 16:45:00,M03,0.768,0.585,64.79,12.67,0.161,-0.01,-0.044,0,16,2024-07-01,Monday,65.262,0.7716,12.124,Normal,1,Normal
2024-07-01 16:46:00,M03,0.864,0.565,67.98,10.89,0.239,-0.093,-0.044,0,16,2024-07-01,Monday,66.19200000000001,0.7869999999999999,11.842,Normal,1,Normal
2024-07-01 16:47:00,M03,0.744,0.719,65.4,11.51,0.077,0.07,-0.045,0,16,2024-07-01,Monday,65.68199999999999,0.7902,11.662,Normal,1,Normal
2024-07-01 16:48:00,M03,0.873,0.564,61.06,13.04,0.102,0.01,-0.045,0,16,2024-07-01,Monday,65.012,0.8218,11.904,Normal,1,Normal
2024-07-01 16:49:00,M03,0.835,0.526,63.82,12.01,0.144,0.097,-0.046,0,16,2024-07-01,Monday,64.61,0.8168,12.024,Normal,1,Normal
2024-07-01 16:50:00,M03,1.335,1.007,75.19,15.31,0.22,-0.051,-0.046,1,16,2024-07-01,Monday,66.69000000000001,0.9302,12.552,Fault,-1,Fault
2024-07-01 16:51:00,M03,0.842,0.66,65.45,12.67,0.194,0.051,-0.047,0,16,2024-07-01,Monday,66.184,0.9258,12.907999999999998,Normal,1,Normal
2024-07-01 16:52:00,M03,0.857,0.605,69.38,11.87,0.114,0.065,-0.047,0,16,2024-07-01,Monday,66.98,0.9484,12.98,Normal,1,Normal
2024-07-01 16:53:00,M03,1.237,0.89,72.5,15.24,0.227,0.049,-0.047,1,16,2024-07-01,Monday,69.268,1.0212,13.419999999999998,Fault,-1,Fault
2024-07-01 16:54:00,M03,0.846,0.654,65.6,12.22,0.203,0.118,-0.048,0,16,2024-07-01,Monday,69.624,1.0234,13.462,Normal,1,Normal
2024-07-01 16:55:00,M03,0.739,0.678,64.13,12.09,0.136,0.114,-0.048,0,16,2024-07-01,Monday,67.41199999999999,0.9042,12.818,Normal,1,Normal
2024-07-01 16:56:00,M03,0.8,0.575,63.21,12.14,0.194,-0.044,-0.048,0,16,2024-07-01,Monday,66.964,0.8958,12.712,Normal,1,Normal
2024-07-01 16:57:00,M03,0.739,0.66,66.06,12.13,0.157,-0.04,-0.048,0,16,2024-07-01,Monday,66.3,0.8722,12.764,Normal,1,Normal
2024-07-01 16:58:00,M03,0.831,0.462,63.59,11.73,0.202,0.086,-0.049,0,16,2024-07-01,Monday,64.518,0.791,12.062,Normal,1,Normal
2024-07-01 16:59:00,M03,0.852,0.588,65.23,12.58,0.195,0.076,-0.049,0,16,2024-07-01,Monday,64.444,0.7922,12.134,Normal,1,Normal
2024-07-01 17:00:00,M03,1.25,0.952,78.56,14.05,0.151,-0.005,-0.049,1,17,2024-07-01,Monday,67.33000000000001,0.8943999999999999,12.526,Fault,-1,Fault
2024-07-01 17:01:00,M03,0.912,0.535,64.35,12.19,0.203,0.026,-0.049,0,17,2024-07-01,Monday,67.55799999999999,0.9168,12.536,Normal,1,Normal
2024-07-01 17:02:00,M03,0.848,0.675,62.19,11.7,0.15,-0.102,-0.049,0,17,2024-07-01,Monday,66.784,0.9386,12.45,Normal,1,Normal
2024-07-01 17:03:00,M03,0.753,0.665,65.58,11.19,0.085,-0.12,-0.05,0,17,2024-07-01,Monday,67.18199999999999,0.923,12.342,Normal,1,Normal
2024-07-01 17:04:00,M03,0.774,0.668,66.25,12.03,0.2,-0.132,-0.05,0,17,2024-07-01,Monday,67.386,0.9074,12.232,Normal,1,Normal
2024-07-01 17:05:00,M03,0.786,0.585,65.73,12.01,0.085,-0.05,-0.05,0,17,2024-07-01,Monday,64.82,0.8146000000000001,11.824000000000002,Normal,1,Normal
2024-07-01 17:06:00,M03,0.754,0.577,61.73,11.81,0.141,-0.005,-0.05,0,17,2024-07-01,Monday,64.296,0.783,11.748,Normal,1,Normal
2024-07-01 17:07:00,M03,0.845,0.612,68.12,11.66,0.209,-0.106,-0.05,0,17,2024-07-01,Monday,65.482,0.7824000000000001,11.74,Normal,1,Normal
2024-07-01 17:08:00,M03,1.19,0.831,72.5,14.64,0.348,-0.133,-0.05,1,17,2024-07-01,Monday,66.86600000000001,0.8698,12.43,Fault,-1,Fault
2024-07-01 17:09:00,M03,0.839,0.575,60.17,12.39,0.211,0.091,-0.05,0,17,2024-07-01,Monday,65.65,0.8827999999999999,12.502,Normal,1,Normal
2024-07-01 17:10:00,M03,1.279,0.912,75.43,14.26,0.188,-0.117,-0.05,1,17,2024-07-01,Monday,67.59,0.9814,12.951999999999998,Fault,-1,Fault
2024-07-01 17:11:00,M03,0.792,0.608,68.1,11.86,0.094,0.039,-0.05,0,17,2024-07-01,Monday,68.864,0.989,12.962,Normal,1,Normal
2024-07-01 17:12:00,M03,0.748,0.575,66.27,12.02,0.087,-0.09,-0.05,0,17,2024-07-01,Monday,68.494,0.9696,13.034,Normal,1,Normal
2024-07-01 17:13:00,M03,0.769,0.668,61.71,11.93,0.112,-0.11,-0.05,0,17,2024-07-01,Monday,66.336,0.8854,12.492,Normal,1,Normal
2024-07-01 17:14:00,M03,0.796,0.644,63.12,11.72,0.097,-0.108,-0.05,0,17,2024-07-01,Monday,66.926,0.8768,12.358,Normal,1,Normal
2024-07-01 17:15:00,M03,0.777,0.602,66.5,11.96,0.225,0.071,-0.05,0,17,2024-07-01,Monday,65.14,0.7764,11.898,Normal,1,Normal
2024-07-01 17:16:00,M03,0.841,0.678,66.55,13.0,0.128,-0.097,-0.05,0,17,2024-07-01,Monday,64.83,0.7862,12.126,Normal,1,Normal
2024-07-01 17:17:00,M03,0.762,0.65,64.76,11.75,0.094,-0.103,-0.049,0,17,2024-07-01,Monday,64.528,0.789,12.072,Normal,1,Normal
2024-07-01 17:18:00,M03,0.88,0.607,65.99,10.98,0.176,0.074,-0.049,0,17,2024-07-01,Monday,65.38399999999999,0.8112,11.882,Normal,1,Normal
2024-07-01 17:19:00,M03,0.79,0.579,66.27,11.97,0.138,-0.076,-0.049,0,17,2024-07-01,Monday,66.014,0.8099999999999999,11.932,Normal,1,Normal
2024-07-01 17:20:00,M03,0.817,0.616,67.01,12.12,0.137,-0.121,-0.049,0,17,2024-07-01,Monday,66.116,0.818,11.964,Normal,1,Normal
2024-07-01 17:21:00,M03,0.826,0.56,60.86,12.37,0.23,0.063,-0.049,0,17,2024-07-01,Monday,64.978,0.8149999999999998,11.838,Normal,1,Normal
2024-07-01 17:22:00,M03,0.771,0.594,65.19,11.83,0.091,0.114,-0.049,0,17,2024-07-01,Monday,65.064,0.8168000000000001,11.854,Normal,1,Normal
2024-07-01 17:23:00,M03,0.762,0.623,63.45,11.03,0.155,0.039,-0.048,0,17,2024-07-01,Monday,64.55600000000001,0.7931999999999999,11.864,Normal,1,Normal
2024-07-01 17:24:00,M03,0.738,0.62,62.33,11.97,0.212,-0.093,-0.048,0,17,2024-07-01,Monday,63.768,0.7827999999999999,11.864,Normal,1,Normal
2024-07-01 17:25:00,M03,0.811,0.622,63.76,12.62,0.181,0.053,-0.048,0,17,2024-07-01,Monday,63.118,0.7816000000000001,11.964,Normal,1,Normal
2024-07-01 17:26:00,M03,1.255,0.808,78.46,15.21,0.218,0.079,-0.047,1,17,2024-07-01,Monday,66.63799999999999,0.8674,12.532,Fault,-1,Fault
2024-07-01 17:27:00,M03,0.833,0.62,66.36,12.47,0.169,0.112,-0.047,0,17,2024-07-01,Monday,66.87199999999999,0.8798,12.66,Normal,1,Normal
2024-07-01 17:28:00,M03,0.719,0.581,63.48,11.28,0.095,0.114,-0.047,0,17,2024-07-01,Monday,66.878,0.8712,12.71,Normal,1,Normal
2024-07-01 17:29:00,M03,0.745,0.636,68.0,11.58,0.081,-0.019,-0.046,0,17,2024-07-01,Monday,68.012,0.8725999999999999,12.632,Normal,1,Normal
2024-07-01 17:30:00,M03,0.775,0.645,62.11,12.46,0.104,0.064,-0.046,0,17,2024-07-01,Monday,67.682,0.8654,12.6,Normal,1,Normal
2024-07-01 17:31:00,M03,0.8,0.604,67.55,12.23,0.231,-0.025,-0.046,0,17,2024-07-01,Monday,65.5,0.7744000000000001,12.004,Normal,1,Normal
2024-07-01 17:32:00,M03,0.763,0.533,65.12,11.61,0.091,0.069,-0.045,0,17,2024-07-01,Monday,65.252,0.7604,11.832,Normal,1,Normal
2024-07-01 17:33:00,M03,0.804,0.605,60.2,12.14,0.161,0.089,-0.045,0,17,2024-07-01,Monday,64.596,0.7774000000000001,12.004,Normal,1,Normal
2024-07-01 17:34:00,M03,0.725,0.661,65.24,12.58,0.078,0.013,-0.044,0,17,2024-07-01,Monday,64.04400000000001,0.7734,12.204,Normal,1,Normal
2024-07-01 17:35:00,M03,0.809,0.523,63.34,11.2,0.084,-0.06,-0.044,0,17,2024-07-01,Monday,64.28999999999999,0.7802,11.952,Normal,1,Normal
2024-07-01 17:36:00,M03,0.726,0.625,63.88,12.36,0.115,0.014,-0.043,0,17,2024-07-01,Monday,63.556,0.7654,11.978,Normal,1,Normal
2024-07-01 17:37:00,M03,0.776,0.577,64.19,12.4,0.16,-0.039,-0.043,0,17,2024-07-01,Monday,63.370000000000005,0.768,12.136,Normal,1,Normal
2024-07-01 17:38:00,M03,0.816,0.642,61.62,12.25,0.158,-0.013,-0.042,0,17,2024-07-01,Monday,63.654,0.7704,12.158,Normal,1,Normal
2024-07-01 17:39:00,M03,0.771,0.661,64.03,11.67,0.087,0.034,-0.042,0,17,2024-07-01,Monday,63.412,0.7796000000000001,11.976,Normal,1,Normal
2024-07-01 17:40:00,M03,1.001,1.066,81.15,15.26,0.296,0.097,-0.041,1,17,2024-07-01,Monday,66.974,0.818,12.788,Fault,-1,Fault
2024-07-01 17:41:00,M03,0.713,0.615,64.78,12.51,0.182,0.108,-0.041,0,17,2024-07-01,Monday,67.154,0.8154,12.818,Normal,1,Normal
2024-07-01 17:42:00,M03,0.83,0.552,64.55,11.59,0.233,0.052,-0.04,0,17,2024-07-01,Monday,67.226,0.8262,12.656,Normal,1,Normal
2024-07-01 17:43:00,M03,0.738,0.577,66.23,11.98,0.181,0.029,-0.039,0,17,2024-07-01,Monday,68.148,0.8106,12.602,Normal,1,Normal
2024-07-01 17:44:00,M03,0.789,0.566,68.79,12.67,0.102,0.035,-0.039,0,17,2024-07-01,Monday,69.10000000000001,0.8141999999999999,12.802,Normal,1,Normal
2024-07-01 17:45:00,M03,0.778,0.63,62.98,11.9,0.158,-0.045,-0.038,0,17,2024-07-01,Monday,65.466,0.7696,12.13,Normal,1,Normal
2024-07-01 17:46:00,M03,0.802,0.552,64.02,12.25,0.139,-0.109,-0.037,0,17,2024-07-01,Monday,65.314,0.7874,12.078,Normal,1,Normal
2024-07-01 17:47:00,M03,0.8,0.594,63.14,11.55,0.145,0.018,-0.037,0,17,2024-07-01,Monday,65.03200000000001,0.7814000000000001,12.07,Normal,1,Normal
2024-07-01 17:48:00,M03,0.761,0.603,64.25,10.89,0.111,-0.064,-0.036,0,17,2024-07-01,Monday,64.636,0.7860000000000001,11.852,Normal,1,Normal
2024-07-01 17:49:00,M03,0.794,0.592,61.38,12.59,0.119,0.074,-0.035,0,17,2024-07-01,Monday,63.154,0.7870000000000001,11.836000000000002,Normal,1,Normal
2024-07-01 17:50:00,M03,0.774,0.661,64.93,13.36,0.207,-0.058,-0.035,0,17,2024-07-01,Monday,63.544,0.7862,12.128,Normal,1,Normal
2024-07-01 17:51:00,M03,1.144,0.824,75.65,15.16,0.265,0.028,-0.034,1,17,2024-07-01,Monday,65.87,0.8545999999999999,12.71,Fault,1,Normal
2024-07-01 17:52:00,M03,0.773,0.67,65.06,12.36,0.201,-0.017,-0.033,0,17,2024-07-01,Monday,66.254,0.8492,12.872,Normal,1,Normal
2024-07-01 17:53:00,M03,0.825,0.659,67.54,11.79,0.084,0.027,-0.032,0,17,2024-07-01,Monday,66.912,0.8619999999999999,13.051999999999998,Normal,1,Normal
2024-07-01 17:54:00,M03,0.807,0.577,65.03,11.68,0.088,0.014,-0.032,0,17,2024-07-01,Monday,67.64200000000001,0.8646,12.87,Normal,1,Normal
2024-07-01 17:55:00,M03,1.163,0.889,78.43,14.41,0.261,0.041,-0.031,1,17,2024-07-01,Monday,70.342,0.9424,13.079999999999998,Fault,1,Normal
2024-07-01 17:56:00,M03,0.838,0.545,64.28,12.08,0.146,-0.062,-0.03,0,17,2024-07-01,Monday,68.06800000000001,0.8812,12.464,Normal,1,Normal
2024-07-01 17:57:00,M03,0.786,0.593,65.44,12.23,0.11,0.038,-0.029,0,17,2024-07-01,Monday,68.144,0.8837999999999999,12.438,Normal,1,Normal
2024-07-01 17:58:00,M03,0.767,0.55,62.01,11.35,0.225,0.106,-0.028,0,17,2024-07-01,Monday,67.038,0.8722000000000001,12.35,Normal,1,Normal
2024-07-01 17:59:00,M03,0.934,0.643,64.18,11.83,0.122,0.015,-0.028,0,17,2024-07-01,Monday,66.86800000000001,0.8976,12.38,Normal,1,Normal
